{
  "uuid": "a7502952-9d8f-3184-9de8-dd80200729b0",
  "starterPrompted": true,
  "starterLocked": false,
  "starterSelected": true,
  "starterUUID": "90cb3b91-9e3d-4665-bc4b-14e1687f7dc8",
  "keyItems": [],
  "battleTheme": "cobblemon:battle.pvp.default",
  "extraData": {},
  "advancementData": {
    "totalCaptureCount": 5,
    "totalEggsHatched": 0,
    "totalEvolvedCount": 1,
    "totalBattleVictoryCount": 17,
    "totalPvPBattleVictoryCount": 0,
    "totalPvWBattleVictoryCount": 17,
    "totalPvNBattleVictoryCount": 0,
    "totalShinyCaptureCount": 0,
    "totalTradedCount": 0,
    "totalTypeCaptureCounts": {
      "psychic": 1,
      "electric": 1,
      "normal": 2,
      "flying": 1,
      "grass": 1
    },
    "totalDefeatedCounts": {
      "cobblemon:gastly": 1,
      "cobblemon:diglett": 1,
      "cobblemon:geodude": 1,
      "cobblemon:zubat": 1,
      "cobblemon:rattata": 1,
      "cobblemon:wooloo": 1,
      "cobblemon:bunnelby": 2,
      "cobblemon:patrat": 1,
      "cobblemon:lechonk": 1,
      "cobblemon:zigzagoon": 1,
      "cobblemon:ninjask": 1,
      "cobblemon:slowpoke": 1
    },
    "aspectsCollected": {}
  }
}