{
  "uuid": "a7502952-9d8f-3184-9de8-dd80200729b0",
  "starterPrompted": true,
  "starterLocked": false,
  "starterSelected": true,
  "starterUUID": "90cb3b91-9e3d-4665-bc4b-14e1687f7dc8",
  "keyItems": [],
  "battleTheme": "cobblemon:battle.pvp.default",
  "extraData": {},
  "advancementData": {
    "totalCaptureCount": 10,
    "totalEggsHatched": 0,
    "totalEvolvedCount": 2,
    "totalBattleVictoryCount": 38,
    "totalPvPBattleVictoryCount": 0,
    "totalPvWBattleVictoryCount": 38,
    "totalPvNBattleVictoryCount": 0,
    "totalShinyCaptureCount": 0,
    "totalTradedCount": 0,
    "totalTypeCaptureCounts": {
      "psychic": 1,
      "electric": 1,
      "normal": 4,
      "flying": 2,
      "grass": 2,
      "bug": 1,
      "fairy": 1,
      "water": 1
    },
    "totalDefeatedCounts": {
      "cobblemon:gastly": 1,
      "cobblemon:diglett": 1,
      "cobblemon:geodude": 1,
      "cobblemon:zubat": 1,
      "cobblemon:rattata": 1,
      "cobblemon:wooloo": 3,
      "cobblemon:bunnelby": 2,
      "cobblemon:patrat": 1,
      "cobblemon:lechonk": 1,
      "cobblemon:zigzagoon": 1,
      "cobblemon:ninjask": 1,
      "cobblemon:slowpoke": 1,
      "cobblemon:miltank": 1,
      "cobblemon:sentret": 1,
      "cobblemon:rookidee": 1,
      "cobblemon:meowth": 1,
      "cobblemon:dubwool": 1,
      "cobblemon:watchog": 1,
      "cobblemon:fidough": 1,
      "cobblemon:corvisquire": 1,
      "cobblemon:tandemaus": 1,
      "cobblemon:mimejr": 1,
      "cobblemon:bouffalant": 1,
      "cobblemon:aipom": 1,
      "cobblemon:cubone": 1,
      "cobblemon:maractus": 1
    },
    "aspectsCollected": {}
  }
}