{"stats":{"minecraft:used":{"minecraft:poppy":1,"minecraft:iron_sword":78,"minecraft:stone_hoe":70,"minecraft:torch":161,"minecraft:dirt":9,"minecraft:tuff":7,"minecraft:wooden_axe":35,"minecraft:hay_block":5,"minecraft:furnace":3,"minecraft:cobbled_deepslate":109,"minecraft:calcite":1,"minecraft:diorite":10,"minecraft:amethyst_block":3,"minecraft:stone_pickaxe":273,"minecraft:oak_planks":15,"minecraft:wooden_pickaxe":38,"minecraft:cobblestone_slab":1,"minecraft:cracked_stone_bricks":1,"minecraft:sand":1,"minecraft:rail":2,"minecraft:crafting_table":15,"minecraft:white_bed":2,"cobblemon:healing_machine":1,"minecraft:sunflower":3,"minecraft:bread":52,"minecraft:iron_pickaxe":327,"minecraft:gravel":2,"minecraft:stone_axe":42,"minecraft:cobblestone":149,"minecraft:andesite":17,"minecraft:bone_meal":27},"minecraft:crafted":{"minecraft:oak_planks":64,"cobblemon:slate_ball":4,"minecraft:furnace":1,"minecraft:bone_meal":27,"minecraft:stone_pickaxe":3,"minecraft:stone_hoe":1,"minecraft:wheat":369,"cobblemon:roasted_leek":3,"minecraft:crafting_table":4,"minecraft:wooden_pickaxe":2,"minecraft:iron_sword":1,"minecraft:bowl":24,"minecraft:copper_ingot":9,"cobblemon:roseate_ball":16,"minecraft:stone_axe":1,"minecraft:bread":118,"minecraft:air":0,"minecraft:stick":68,"minecraft:wooden_axe":1,"cobblemon:berry_juice":7,"minecraft:torch":120},"minecraft:custom":{"minecraft:mob_kills":37,"minecraft:interact_with_crafting_table":20,"minecraft:leave_game":3,"minecraft:time_since_death":29880,"minecraft:sprint_one_cm":367281,"minecraft:walk_one_cm":285471,"minecraft:drop":119,"minecraft:play_time":155839,"minecraft:deaths":11,"minecraft:sneak_time":9097,"minecraft:walk_under_water_one_cm":7260,"minecraft:jump":1686,"minecraft:walk_on_water_one_cm":16297,"minecraft:total_world_time":155839,"minecraft:interact_with_furnace":11,"minecraft:sleep_in_bed":3,"minecraft:time_since_rest":18052,"minecraft:damage_taken":5282,"minecraft:damage_dealt":4927,"minecraft:swim_one_cm":5771,"minecraft:fly_one_cm":406901,"minecraft:open_chest":4,"minecraft:crouch_one_cm":25264,"minecraft:fall_one_cm":56735},"minecraft:picked_up":{"minecraft:wooden_axe":1,"minecraft:iron_chestplate":1,"minecraft:crafting_table":17,"minecraft:wheat":45,"minecraft:wooden_pickaxe":2,"minecraft:pink_wool":5,"minecraft:enchanted_book":3,"minecraft:chain":9,"minecraft:shield":1,"minecraft:amethyst_block":3,"minecraft:string":78,"minecraft:iron_axe":1,"minecraft:raw_copper":379,"minecraft:iron_leggings":1,"minecraft:cracked_stone_bricks":1,"minecraft:cobbled_deepslate":135,"cobblemon:white_apricorn_seed":3,"minecraft:beef":57,"cobblemon:oran_berry":36,"minecraft:cobblestone_slab":2,"minecraft:calcite":1,"minecraft:poppy":1,"minecraft:iron_pickaxe":11,"cobblemon:big_root":2,"cobblemon:full_restore":1,"cobblemon:green_apricorn_seed":1,"minecraft:iron_boots":1,"minecraft:furnace":11,"minecraft:raw_iron":413,"minecraft:stick":91,"minecraft:copper_ingot":13,"minecraft:torch":119,"minecraft:porkchop":1,"minecraft:diorite":18,"minecraft:carrot":7,"minecraft:redstone":90,"minecraft:honey_bottle":1,"minecraft:rotten_flesh":18,"minecraft:arrow":12,"minecraft:hay_block":230,"minecraft:saddle":3,"minecraft:mutton":37,"minecraft:white_wool":15,"minecraft:rail":3,"minecraft:cobblestone":261,"minecraft:water_bucket":1,"minecraft:andesite":21,"minecraft:leather":4,"cobblemon:pinap_berry":11,"minecraft:ochre_froglight":5,"cobblemon:slate_ball":1,"minecraft:tuff":14,"minecraft:oak_log":29,"minecraft:yellow_bed":3,"minecraft:gunpowder":3,"minecraft:lapis_lazuli":103,"minecraft:dirt":39,"cobblemon:pink_apricorn_seed":3,"minecraft:name_tag":2,"minecraft:bone":23,"cobblemon:black_apricorn":8,"minecraft:wheat_seeds":3,"minecraft:orange_tulip":6,"minecraft:raw_gold":62,"minecraft:iron_ingot":112,"minecraft:stone_pickaxe":4,"minecraft:stripped_oak_wood":1,"minecraft:honeycomb":1,"minecraft:oak_planks":94,"minecraft:stone_hoe":1,"minecraft:iron_sword":10,"cobblemon:sun_stone":12,"minecraft:cooked_porkchop":4,"minecraft:music_disc_13":4,"cobblemon:payapa_berry":1,"minecraft:dandelion":4,"minecraft:gravel":5,"cobblemon:cheri_berry":13,"minecraft:sand":3,"minecraft:amethyst_shard":24,"cobblemon:persim_berry":25,"cobblemon:pink_apricorn":20,"minecraft:white_bed":5,"cobblemon:leppa_berry":2,"minecraft:slime_ball":40,"minecraft:diamond":65,"minecraft:stone_axe":5,"waystones:waystone":1,"minecraft:iron_helmet":3,"minecraft:granite":5,"cobblemon:rindo_berry":10,"minecraft:bread":296,"cobblemon:medicinal_leek":9,"minecraft:black_wool":2,"minecraft:coal":162,"minecraft:sunflower":4},"minecraft:broken":{"minecraft:iron_pickaxe":1,"minecraft:wooden_axe":1},"minecraft:killed_by":{"minecraft:player":1,"minecraft:creeper":1,"minecraft:iron_golem":2,"minecraft:skeleton":5,"minecraft:zombie":2},"minecraft:killed":{"minecraft:spider":2,"minecraft:slime":12,"minecraft:skeleton":5,"minecraft:pig":1,"cobblemon:pokemon":1,"minecraft:iron_golem":1,"minecraft:sheep":7,"minecraft:zombie":3,"minecraft:cow":3},"minecraft:dropped":{"minecraft:water_bucket":1,"minecraft:enchanted_book":1,"minecraft:iron_ingot":63,"minecraft:bread":93,"minecraft:iron_sword":3,"minecraft:wheat_seeds":1,"minecraft:lapis_lazuli":28,"minecraft:diamond":16,"cobblemon:sun_stone":2,"minecraft:crafting_table":1,"minecraft:cooked_porkchop":4,"cobblemon:green_apricorn_seed":1,"minecraft:orange_tulip":5,"minecraft:iron_helmet":4,"minecraft:cobblestone":2,"minecraft:leather":2,"minecraft:granite":5,"minecraft:saddle":1,"minecraft:copper_ingot":12,"minecraft:rail":1,"minecraft:coal":63,"cobblemon:oran_berry":27,"minecraft:stick":21,"minecraft:music_disc_13":2,"cobblemon:slate_ball":2,"minecraft:diorite":3,"minecraft:torch":11,"cobblemon:payapa_berry":1,"minecraft:mutton":5,"minecraft:iron_leggings":1,"minecraft:chain":3,"minecraft:amethyst_shard":8,"minecraft:iron_axe":1,"minecraft:sand":2,"cobblemon:full_restore":1,"minecraft:stripped_oak_wood":1,"minecraft:iron_pickaxe":4,"minecraft:string":20,"minecraft:white_wool":9,"minecraft:bone":7,"minecraft:redstone":18,"minecraft:dandelion":1,"minecraft:gravel":1,"minecraft:furnace":2,"minecraft:stone_axe":1,"cobblemon:big_root":2,"minecraft:raw_copper":113,"minecraft:wheat":15,"minecraft:raw_iron":84,"minecraft:rotten_flesh":18,"minecraft:iron_boots":1,"minecraft:oak_planks":13,"minecraft:name_tag":1,"minecraft:carrot":2,"minecraft:cobblestone_slab":1,"minecraft:hay_block":23,"cobblemon:white_apricorn_seed":1,"minecraft:shield":1,"minecraft:gunpowder":3,"minecraft:iron_chestplate":1,"minecraft:ochre_froglight":1,"minecraft:andesite":3,"minecraft:pink_wool":1,"minecraft:yellow_bed":1,"minecraft:arrow":4,"minecraft:raw_gold":17,"minecraft:beef":9,"minecraft:slime_ball":8,"minecraft:stone_pickaxe":3,"minecraft:wooden_pickaxe":2,"waystones:waystone":1},"minecraft:mined":{"minecraft:large_amethyst_bud":2,"minecraft:tuff":7,"minecraft:white_bed":3,"minecraft:deepslate_diamond_ore":17,"minecraft:granite":3,"minecraft:grass_block":8,"minecraft:pink_wool":1,"minecraft:hay_block":70,"minecraft:furnace":1,"minecraft:carrots":1,"minecraft:iron_ore":61,"minecraft:cobbled_deepslate":8,"minecraft:andesite":18,"minecraft:deepslate_lapis_ore":4,"cobblemon:medicinal_leek":1,"minecraft:cobblestone_slab":1,"minecraft:deepslate_iron_ore":8,"minecraft:dirt_path":3,"minecraft:rail":1,"minecraft:stone":195,"minecraft:deepslate_redstone_ore":4,"minecraft:amethyst_cluster":2,"minecraft:crafting_table":13,"minecraft:torch":7,"minecraft:calcite":1,"minecraft:cobblestone":14,"minecraft:tall_grass":3,"cobblemon:pinap_berry":3,"minecraft:copper_ore":9,"minecraft:deepslate_coal_ore":3,"minecraft:deepslate_gold_ore":9,"minecraft:oak_planks":3,"cobblemon:oran_berry":2,"minecraft:diorite":10,"minecraft:wall_torch":29,"minecraft:amethyst_block":3,"minecraft:deepslate_copper_ore":7,"minecraft:chain":3,"minecraft:stripped_oak_wood":2,"minecraft:orange_tulip":4,"minecraft:yellow_bed":1,"minecraft:grass":18,"minecraft:oak_log":29,"minecraft:coal_ore":84,"minecraft:ochre_froglight":1,"minecraft:gravel":3,"minecraft:sunflower":6,"minecraft:dirt":13,"minecraft:sand":3,"minecraft:cobweb":18,"minecraft:cracked_stone_bricks":1,"cobblemon:sun_stone_ore":2,"minecraft:oak_leaves":7,"minecraft:deepslate":119}},"DataVersion":3465}