{"stats":{"minecraft:used":{"minecraft:stone_pickaxe":130,"minecraft:wooden_pickaxe":10,"minecraft:stone_hoe":70,"minecraft:torch":4,"minecraft:crafting_table":9,"cobblemon:healing_machine":1,"minecraft:wooden_axe":35,"minecraft:bread":2,"minecraft:stone_axe":22,"minecraft:cobblestone":23,"minecraft:andesite":16},"minecraft:crafted":{"minecraft:oak_planks":24,"minecraft:crafting_table":1,"minecraft:wooden_pickaxe":1,"minecraft:stone_axe":1,"minecraft:bread":54,"minecraft:stick":16,"minecraft:stone_pickaxe":3,"minecraft:wooden_axe":1,"minecraft:stone_hoe":1,"minecraft:wheat":162},"minecraft:custom":{"minecraft:mob_kills":14,"minecraft:interact_with_crafting_table":9,"minecraft:leave_game":3,"minecraft:time_since_death":11254,"minecraft:sleep_in_bed":1,"minecraft:time_since_rest":11281,"minecraft:sprint_one_cm":67868,"minecraft:damage_taken":845,"minecraft:walk_one_cm":52850,"minecraft:drop":12,"minecraft:damage_dealt":1989,"minecraft:swim_one_cm":2324,"minecraft:fly_one_cm":92595,"minecraft:crouch_one_cm":5006,"minecraft:play_time":47839,"minecraft:deaths":3,"minecraft:sneak_time":2145,"minecraft:walk_under_water_one_cm":2962,"minecraft:jump":420,"minecraft:walk_on_water_one_cm":5335,"minecraft:total_world_time":47839,"minecraft:fall_one_cm":13152},"minecraft:picked_up":{"minecraft:wooden_axe":1,"minecraft:crafting_table":10,"minecraft:andesite":16,"minecraft:leather":2,"minecraft:wooden_pickaxe":1,"minecraft:pink_wool":1,"minecraft:oak_log":19,"minecraft:dirt":27,"minecraft:orange_tulip":5,"minecraft:wheat_seeds":2,"minecraft:beef":12,"minecraft:iron_ingot":4,"minecraft:stripped_oak_wood":1,"cobblemon:full_restore":1,"minecraft:oak_planks":10,"minecraft:stick":2,"minecraft:raw_iron":10,"minecraft:torch":14,"minecraft:dandelion":1,"minecraft:gravel":2,"minecraft:porkchop":1,"minecraft:carrot":2,"minecraft:white_bed":1,"minecraft:rotten_flesh":12,"minecraft:iron_helmet":2,"minecraft:hay_block":64,"minecraft:black_wool":1,"minecraft:mutton":12,"minecraft:coal":8,"minecraft:cobblestone":133,"minecraft:white_wool":6},"minecraft:broken":{"minecraft:wooden_axe":1},"minecraft:killed_by":{"minecraft:skeleton":1,"minecraft:zombie":2},"minecraft:killed":{"minecraft:pig":1,"minecraft:iron_golem":1,"minecraft:sheep":7,"minecraft:cow":3},"minecraft:dropped":{"minecraft:bread":23,"minecraft:orange_tulip":4,"minecraft:iron_helmet":3,"minecraft:rotten_flesh":12,"minecraft:stone_pickaxe":1,"cobblemon:full_restore":1,"minecraft:stripped_oak_wood":1},"minecraft:mined":{"minecraft:white_bed":1,"minecraft:crafting_table":9,"minecraft:torch":2,"minecraft:grass_block":5,"cobblemon:pinap_berry":3,"minecraft:tall_grass":2,"minecraft:cobblestone":3,"cobblemon:oran_berry":2,"minecraft:wall_torch":5,"minecraft:hay_block":65,"minecraft:iron_ore":9,"minecraft:andesite":16,"minecraft:stripped_oak_wood":2,"minecraft:orange_tulip":4,"minecraft:grass":16,"minecraft:coal_ore":8,"minecraft:oak_log":19,"minecraft:dirt_path":1,"minecraft:dirt":9,"minecraft:gravel":1,"minecraft:stone":97,"minecraft:oak_leaves":4}},"DataVersion":3465}