{"stats":{"minecraft:killed":{"minecraft:spider":2,"minecraft:skeleton":16,"minecraft:pig":1,"minecraft:iron_golem":2,"minecraft:sheep":7,"minecraft:trader_llama":2,"minecraft:zombie":13,"minecraft:donkey":1,"minecraft:ghast":5,"minecraft:cow":9,"benssharks:bull_shark":1,"minecraft:slime":12,"minecraft:horse":5,"cobblemon:pokemon":3,"minecraft:wandering_trader":1,"rotted:marine":1,"minecraft:villager":1},"minecraft:used":{"minecraft:poppy":1,"minecraft:iron_sword":230,"minecraft:tuff":7,"minecraft:lava_bucket":12,"webdisplays:server":1,"minecraft:iron_helmet":1,"cobblemon:apricorn_planks":17,"minecraft:stone_bricks":1,"minecraft:magma_block":1,"minecraft:bow":5,"minecraft:hay_block":5,"minecraft:sweet_berries":3,"minecraft:furnace":7,"minecraft:egg":1,"minecraft:diorite":10,"minecraft:cactus":1,"minecraft:oak_planks":50,"minecraft:stone_pickaxe":273,"minecraft:wooden_pickaxe":38,"minecraft:diamond_axe":64,"minecraft:white_wool":1,"minecraft:sand":1,"cobblemon:yellow_apricorn_seed":1,"minecraft:shears":67,"waystones:waystone":7,"cobblemon:green_apricorn_seed":2,"cobblemon:apricorn_log":5,"minecraft:bread":140,"minecraft:gravel":10,"cobblemon:red_apricorn_seed":16,"minecraft:andesite":27,"minecraft:oak_boat":2,"minecraft:bone_meal":645,"minecraft:flint_and_steel":8,"minecraft:stone_hoe":70,"minecraft:netherrack":72,"minecraft:torch":184,"minecraft:dirt":17,"minecraft:granite":30,"minecraft:wooden_axe":35,"cobblemon:pink_apricorn_seed":7,"minecraft:iron_boots":1,"cobblemon:pc":3,"webdisplays:screencfg":29,"minecraft:cobbled_deepslate":109,"minecraft:iron_leggings":2,"minecraft:calcite":1,"webdisplays:linker":34,"minecraft:wheat_seeds":1,"minecraft:water_bucket":10,"minecraft:amethyst_block":3,"webdisplays:keyboard":1,"minecraft:cobblestone_slab":1,"minecraft:cracked_stone_bricks":2,"minecraft:rail":2,"minecraft:terracotta":1,"minecraft:oak_slab":28,"minecraft:crafting_table":25,"cobblemon:white_apricorn_seed":1,"minecraft:white_bed":5,"cobblemon:healing_machine":11,"cobblemon:apricorn_leaves":66,"minecraft:diamond_pickaxe":356,"minecraft:sunflower":3,"minecraft:iron_pickaxe":336,"minecraft:stone_axe":52,"minecraft:cobblestone":211,"cobblemon:fossil_analyzer":1,"minecraft:bucket":27,"minecraft:yellow_bed":1,"webdisplays:screen":106},"minecraft:picked_up":{"minecraft:wooden_axe":1,"minecraft:iron_chestplate":4,"minecraft:wheat":64,"minecraft:lead":4,"cobblemon:red_apricorn":149,"webdisplays:craftcomp_stonekey":1,"minecraft:enchanted_book":3,"minecraft:amethyst_block":3,"minecraft:string":78,"minecraft:soul_soil":2,"minecraft:raw_copper":379,"minecraft:iron_leggings":4,"minecraft:gold_nugget":1,"minecraft:cobbled_deepslate":139,"minecraft:bucket":1,"cobblemon:white_apricorn_seed":5,"minecraft:red_dye":9,"cobblemon:oran_berry":222,"minecraft:cobblestone_slab":2,"minecraft:calcite":1,"minecraft:iron_pickaxe":12,"cobblemon:quick_ball":20,"cobblemon:big_root":2,"cobblemon:full_restore":1,"minecraft:melon_slice":5,"minecraft:iron_boots":4,"minecraft:furnace":16,"minecraft:stick":125,"cobblemon:apricorn_log":13,"cobblemon:pc":3,"minecraft:torch":124,"minecraft:porkchop":1,"minecraft:diorite":18,"minecraft:cactus":28,"minecraft:honey_bottle":4,"minecraft:rotten_flesh":23,"minecraft:blue_dye":18,"minecraft:obsidian":4,"minecraft:cobblestone":382,"minecraft:magma_block":1,"minecraft:feather":1,"minecraft:water_bucket":2,"minecraft:andesite":40,"minecraft:brown_wool":3,"cobblemon:pinap_berry":24,"cobblemon:roseate_ball":66,"minecraft:flint":1,"megamons:mega_cuff":2,"minecraft:tuff":14,"minecraft:lapis_lazuli":103,"minecraft:dirt":55,"minecraft:name_tag":2,"minecraft:bone":47,"minecraft:wheat_seeds":26,"cobblemon:roasted_leek":2,"minecraft:bow":1,"minecraft:orange_tulip":6,"cobblemon:black_apricorn":13,"minecraft:raw_gold":62,"minecraft:glowstone_dust":75,"minecraft:rabbit":3,"minecraft:bamboo":2,"minecraft:stone_hoe":1,"minecraft:oak_planks":127,"minecraft:honeycomb":1,"minecraft:ghast_tear":4,"cobblemon:sun_stone":14,"minecraft:cooked_porkchop":4,"minecraft:music_disc_13":4,"minecraft:sand":57,"cobblemon:persim_berry":25,"minecraft:ink_sac":25,"cobblemon:leppa_berry":2,"cobblemon:healing_machine":9,"minecraft:diamond":107,"cobblemon:poke_ball":181,"waystones:waystone":9,"minecraft:granite":43,"cobblemon:rindo_berry":45,"minecraft:bread":395,"cobblemon:medicinal_leek":9,"cobblemon:apricorn_leaves":66,"minecraft:netherrack":111,"minecraft:diamond_pickaxe":4,"minecraft:crafting_table":24,"minecraft:clay_ball":4,"cobblemon:yellow_apricorn":44,"minecraft:brown_mushroom":4,"minecraft:pink_wool":5,"minecraft:wooden_pickaxe":2,"minecraft:chain":9,"minecraft:shield":4,"cobblemon:revival_herb":7,"minecraft:iron_axe":2,"minecraft:flint_and_steel":2,"cobblemon:white_apricorn":32,"minecraft:glass_pane":24,"minecraft:cracked_stone_bricks":2,"cobblemon:green_apricorn":22,"minecraft:beef":85,"minecraft:oak_boat":1,"cobblemon:relic_coin":14,"minecraft:poppy":11,"webdisplays:craftcomp_backlight":1,"cobblemon:pep_up_flower":1,"minecraft:sugar_cane":4,"cobblemon:green_apricorn_seed":4,"minecraft:egg":1,"minecraft:raw_iron":418,"minecraft:stone":3,"cobblemon:love_ball":20,"minecraft:copper_ingot":14,"minecraft:bowl":11,"minecraft:carrot":10,"minecraft:redstone":102,"cobblemon:berry_juice":26,"cobblemon:dawn_stone":3,"minecraft:arrow":36,"minecraft:hay_block":230,"minecraft:saddle":3,"minecraft:gold_ingot":5,"cobblemon:air_balloon":1,"minecraft:bone_block":99,"minecraft:mutton":44,"cobblemon:blue_apricorn":30,"minecraft:rail":3,"minecraft:white_wool":21,"minecraft:air":0,"minecraft:leather":23,"minecraft:ochre_froglight":6,"cobblemon:slate_ball":15,"minecraft:oak_log":48,"minecraft:yellow_bed":3,"minecraft:gunpowder":6,"cobblemon:pink_apricorn_seed":9,"minecraft:stone_bricks":1,"minecraft:rabbit_hide":4,"minecraft:iron_ingot":170,"minecraft:stone_pickaxe":4,"minecraft:stripped_oak_wood":1,"minecraft:soul_sand":6,"minecraft:iron_sword":12,"minecraft:green_dye":19,"cobblemon:red_apricorn_seed":16,"minecraft:oak_slab":2,"minecraft:sweet_berries":3,"cobblemon:payapa_berry":1,"cobblemon:black_apricorn_seed":6,"minecraft:dandelion":4,"minecraft:gravel":13,"webdisplays:screencfg":1,"cobblemon:cheri_berry":96,"cobblemon:yellow_apricorn_seed":1,"minecraft:amethyst_shard":24,"minecraft:spruce_sapling":3,"cobblemon:pink_apricorn":117,"minecraft:white_bed":10,"webdisplays:laserpointer":1,"minecraft:slime_ball":40,"webdisplays:linker":1,"minecraft:stone_axe":5,"minecraft:iron_helmet":5,"minecraft:diamond_axe":1,"minecraft:terracotta":1,"minecraft:black_wool":2,"minecraft:coal":242,"minecraft:sunflower":4},"minecraft:crafted":{"minecraft:smooth_stone":2,"minecraft:oak_planks":140,"cobblemon:slate_ball":12,"cobblemon:apricorn_planks":32,"minecraft:stone":4,"minecraft:green_dye":28,"minecraft:glass":54,"minecraft:iron_boots":1,"webdisplays:server":1,"webdisplays:craftcomp_peripheral":2,"minecraft:stone_pressure_plate":1,"webdisplays:screencfg":1,"minecraft:stone_hoe":1,"minecraft:oak_slab":42,"minecraft:diamond_axe":1,"minecraft:crafting_table":8,"webdisplays:linker":1,"minecraft:wooden_pickaxe":2,"minecraft:iron_helmet":2,"megamons:key_stone":1,"minecraft:copper_ingot":68,"cobblemon:poke_ball":136,"cobblemon:quick_ball":32,"minecraft:iron_chestplate":1,"cobblemon:healing_machine":1,"minecraft:diamond_pickaxe":1,"minecraft:stick":76,"minecraft:iron_ingot":72,"cobblemon:berry_juice":91,"cobblemon:fossil_analyzer":1,"minecraft:gold_ingot":17,"cobblemon:love_ball":32,"minecraft:redstone_torch":4,"webdisplays:screen":64,"minecraft:shears":1,"cobblemon:revive":1,"cobblemon:exp_share":1,"minecraft:leather_boots":1,"cobblemon:dream_ball":4,"webdisplays:craftcomp_stonekey":9,"minecraft:furnace":2,"minecraft:stone_button":1,"minecraft:bone_meal":645,"minecraft:glass_pane":128,"minecraft:flint_and_steel":1,"webdisplays:craftcomp_backlight":25,"megamons:mega_cuff":1,"minecraft:stone_pickaxe":3,"webdisplays:keyboard":1,"minecraft:wheat":576,"minecraft:red_dye":5,"cobblemon:roasted_leek":3,"minecraft:iron_sword":1,"cobblemon:pc":1,"cobblemon:park_ball":12,"minecraft:bowl":72,"minecraft:bucket":1,"cobblemon:roseate_ball":40,"cobblemon:heavy_duty_boots":1,"minecraft:stone_axe":1,"minecraft:bread":192,"minecraft:air":0,"cobblemon:heal_ball":36,"minecraft:blue_dye":26,"minecraft:oak_boat":1,"cobblemon:heal_powder":1,"minecraft:wooden_axe":1,"minecraft:iron_leggings":1,"minecraft:torch":160},"minecraft:mined":{"minecraft:large_amethyst_bud":2,"minecraft:white_bed":7,"cobblemon:dawn_stone_ore":1,"cobblemon:pc":2,"cobblemon:apricorn_log":13,"minecraft:obsidian":4,"minecraft:granite":39,"cobblemon:pink_apricorn":1,"minecraft:grass_block":16,"minecraft:soul_soil":1,"minecraft:magma_block":1,"minecraft:glowstone":14,"minecraft:iron_ore":61,"minecraft:cobbled_deepslate":8,"minecraft:fire":13,"minecraft:deepslate_lapis_ore":4,"cobblemon:medicinal_leek":1,"minecraft:dirt_path":8,"minecraft:deepslate_redstone_ore":4,"minecraft:brown_mushroom":2,"cobblemon:rawst_berry":1,"minecraft:soul_fire":1,"cobblemon:revival_herb":1,"minecraft:amethyst_cluster":2,"minecraft:clay":1,"cobblemon:apricorn_leaves":74,"minecraft:torch":7,"minecraft:calcite":1,"minecraft:poppy":7,"minecraft:melon":1,"cobblemon:pinap_berry":3,"minecraft:cobblestone":16,"minecraft:oak_planks":4,"minecraft:sugar_cane":1,"minecraft:wall_torch":29,"minecraft:amethyst_block":3,"minecraft:deepslate_copper_ore":7,"minecraft:chain":3,"minecraft:wheat":4,"minecraft:stripped_oak_wood":2,"minecraft:orange_tulip":4,"minecraft:grass":124,"minecraft:oak_log":48,"minecraft:sand":5,"minecraft:dirt":16,"minecraft:netherrack":94,"minecraft:oak_leaves":10,"minecraft:deepslate":123,"cobblemon:healing_machine":9,"minecraft:diamond_ore":3,"minecraft:tuff":7,"minecraft:dark_oak_leaves":1,"minecraft:deepslate_diamond_ore":18,"minecraft:pink_wool":1,"minecraft:hay_block":70,"minecraft:furnace":4,"minecraft:carrots":1,"minecraft:andesite":28,"minecraft:deepslate_iron_ore":8,"minecraft:cobblestone_slab":1,"minecraft:rail":1,"minecraft:bamboo":1,"minecraft:stone":272,"minecraft:bone_block":65,"minecraft:oak_slab":2,"minecraft:soul_sand":3,"minecraft:crafting_table":20,"minecraft:copper_ore":9,"minecraft:tall_grass":11,"minecraft:deepslate_coal_ore":3,"minecraft:deepslate_gold_ore":9,"cobblemon:oran_berry":2,"minecraft:diorite":10,"cobblemon:relic_coin_pouch":1,"minecraft:cactus":22,"minecraft:sweet_berry_bush":3,"minecraft:yellow_bed":1,"minecraft:coal_ore":94,"minecraft:ochre_froglight":1,"minecraft:sunflower":6,"minecraft:gravel":12,"minecraft:cobweb":18,"minecraft:cracked_stone_bricks":2,"minecraft:terracotta":1,"cobblemon:sun_stone_ore":2,"minecraft:stone_bricks":1,"cobblemon:pink_apricorn_sapling":1},"minecraft:custom":{"minecraft:interact_with_crafting_table":105,"minecraft:leave_game":7,"minecraft:time_since_death":61188,"minecraft:sprint_one_cm":935360,"minecraft:drop":294,"minecraft:talked_to_villager":2,"minecraft:play_time":625097,"minecraft:deaths":14,"minecraft:jump":5986,"minecraft:walk_on_water_one_cm":61279,"minecraft:interact_with_furnace":95,"minecraft:sleep_in_bed":23,"minecraft:waystone_activated":7,"minecraft:damage_dealt":14714,"minecraft:player_kills":1,"minecraft:crouch_one_cm":48157,"minecraft:mob_kills":84,"minecraft:climb_one_cm":1945,"minecraft:walk_one_cm":1054017,"minecraft:sneak_time":20428,"minecraft:walk_under_water_one_cm":31779,"minecraft:boat_one_cm":115970,"minecraft:total_world_time":625097,"minecraft:time_since_rest":22560,"minecraft:damage_taken":9251,"minecraft:swim_one_cm":107586,"minecraft:fly_one_cm":1674233,"minecraft:open_chest":58,"minecraft:fall_one_cm":202906},"minecraft:broken":{"minecraft:iron_sword":1,"minecraft:wooden_axe":1,"minecraft:iron_pickaxe":1},"minecraft:dropped":{"cobblemon:pinap_berry":1,"minecraft:iron_sword":3,"minecraft:lapis_lazuli":28,"cobblemon:berry_juice":20,"minecraft:glass_bottle":1,"minecraft:diamond":19,"cobblemon:sun_stone":2,"minecraft:crafting_table":2,"minecraft:cooked_porkchop":4,"minecraft:orange_tulip":5,"minecraft:leather":2,"minecraft:honeycomb":1,"minecraft:saddle":1,"minecraft:rail":1,"minecraft:music_disc_13":2,"minecraft:dirt":7,"cobblemon:slate_ball":2,"cobblemon:dawn_stone":3,"cobblemon:poke_ball":89,"minecraft:mutton":5,"minecraft:chain":3,"minecraft:gold_nugget":1,"minecraft:amethyst_shard":8,"minecraft:sunflower":1,"minecraft:sand":2,"minecraft:iron_pickaxe":4,"minecraft:stripped_oak_wood":1,"minecraft:white_wool":14,"cobblemon:red_apricorn":27,"minecraft:bone":9,"minecraft:gravel":1,"minecraft:stone_axe":2,"cobblemon:big_root":2,"cobblemon:park_ball":4,"minecraft:wheat":19,"minecraft:rotten_flesh":23,"minecraft:oak_planks":15,"cobblemon:black_apricorn":1,"minecraft:carrot":2,"minecraft:poppy":5,"minecraft:rabbit_hide":2,"cobblemon:white_apricorn_seed":1,"minecraft:gunpowder":3,"minecraft:ochre_froglight":1,"cobblemon:pink_apricorn_seed":1,"cobblemon:revival_herb":3,"minecraft:arrow":4,"minecraft:beef":9,"minecraft:netherrack":26,"minecraft:enchanted_book":1,"minecraft:water_bucket":1,"minecraft:iron_ingot":100,"minecraft:bread":153,"minecraft:wheat_seeds":23,"cobblemon:roasted_leek":2,"minecraft:iron_helmet":4,"minecraft:feather":1,"cobblemon:green_apricorn_seed":1,"minecraft:cobblestone":10,"minecraft:granite":13,"minecraft:copper_ingot":21,"webdisplays:craftcomp_stonekey":1,"minecraft:coal":63,"cobblemon:oran_berry":27,"cobblemon:pink_apricorn":1,"minecraft:stick":21,"minecraft:diorite":3,"minecraft:torch":11,"cobblemon:payapa_berry":1,"minecraft:rabbit":3,"minecraft:brown_wool":3,"minecraft:iron_leggings":2,"minecraft:iron_axe":2,"cobblemon:full_restore":1,"minecraft:string":20,"minecraft:spruce_sapling":3,"minecraft:dandelion":1,"minecraft:redstone":18,"minecraft:furnace":2,"minecraft:soul_soil":2,"minecraft:raw_copper":113,"minecraft:bowl":41,"minecraft:raw_iron":84,"minecraft:clay_ball":4,"minecraft:iron_boots":2,"cobblemon:quick_ball":3,"minecraft:name_tag":1,"megamons:mega_cuff":2,"minecraft:cobblestone_slab":1,"minecraft:hay_block":23,"minecraft:shield":4,"minecraft:iron_chestplate":2,"minecraft:diamond_pickaxe":1,"minecraft:andesite":3,"minecraft:yellow_bed":1,"minecraft:pink_wool":2,"minecraft:bamboo":2,"minecraft:slime_ball":8,"minecraft:bow":2,"minecraft:stone_pickaxe":3,"minecraft:wooden_pickaxe":2,"minecraft:raw_gold":17,"waystones:waystone":1},"minecraft:killed_by":{"minecraft:creeper":1,"minecraft:zombie":2,"minecraft:player":1,"minecraft:iron_golem":2,"benssharks:bull_shark":1,"minecraft:skeleton":7}},"DataVersion":3465}