{"stats":{"minecraft:used":{"minecraft:wooden_axe":2,"minecraft:stone_pickaxe":101,"minecraft:wooden_pickaxe":7,"minecraft:cobblestone":8,"minecraft:crafting_table":2,"minecraft:andesite":16,"cobblemon:healing_machine":1},"minecraft:crafted":{"minecraft:oak_planks":24,"minecraft:crafting_table":1,"minecraft:stick":8,"minecraft:wooden_pickaxe":1,"minecraft:stone_pickaxe":1,"minecraft:wooden_axe":1},"minecraft:picked_up":{"minecraft:crafting_table":2,"minecraft:andesite":16,"minecraft:gravel":1,"minecraft:oak_log":6,"minecraft:dirt":13,"minecraft:wheat_seeds":2,"minecraft:orange_tulip":4,"minecraft:iron_helmet":2,"minecraft:beef":3,"cobblemon:full_restore":1,"minecraft:cobblestone":88},"minecraft:custom":{"minecraft:time_since_rest":0,"minecraft:sprint_one_cm":32738,"minecraft:damage_taken":630,"minecraft:walk_one_cm":20882,"minecraft:mob_kills":1,"minecraft:drop":8,"minecraft:damage_dealt":286,"minecraft:swim_one_cm":2324,"minecraft:fly_one_cm":57575,"minecraft:interact_with_crafting_table":2,"minecraft:crouch_one_cm":3680,"minecraft:play_time":35839,"minecraft:deaths":2,"minecraft:sneak_time":1629,"minecraft:walk_under_water_one_cm":884,"minecraft:jump":250,"minecraft:leave_game":3,"minecraft:time_since_death":17359,"minecraft:walk_on_water_one_cm":3179,"minecraft:sleep_in_bed":1,"minecraft:total_world_time":35839,"minecraft:fall_one_cm":5910},"minecraft:killed_by":{"minecraft:skeleton":1,"minecraft:zombie":1},"minecraft:killed":{"minecraft:cow":1},"minecraft:dropped":{"minecraft:orange_tulip":4,"minecraft:iron_helmet":3,"cobblemon:full_restore":1},"minecraft:mined":{"minecraft:andesite":16,"minecraft:orange_tulip":4,"minecraft:crafting_table":2,"minecraft:grass":11,"minecraft:grass_block":5,"minecraft:oak_log":6,"minecraft:gravel":1,"minecraft:dirt":9,"minecraft:tall_grass":2,"minecraft:stone":88}},"DataVersion":3465}