{"stats":{"minecraft:used":{"minecraft:poppy":1,"minecraft:iron_sword":90,"minecraft:tuff":7,"minecraft:lava_bucket":12,"minecraft:iron_helmet":1,"minecraft:stone_bricks":1,"minecraft:bow":5,"minecraft:hay_block":5,"minecraft:furnace":6,"minecraft:diorite":10,"minecraft:stone_pickaxe":273,"minecraft:oak_planks":49,"minecraft:wooden_pickaxe":38,"minecraft:diamond_axe":14,"minecraft:sand":1,"minecraft:bread":66,"minecraft:gravel":10,"cobblemon:red_apricorn_seed":8,"minecraft:andesite":18,"minecraft:bone_meal":284,"minecraft:flint_and_steel":2,"minecraft:stone_hoe":70,"minecraft:netherrack":28,"minecraft:torch":161,"minecraft:dirt":12,"minecraft:wooden_axe":35,"cobblemon:pink_apricorn_seed":1,"minecraft:iron_boots":1,"cobblemon:pc":3,"minecraft:cobbled_deepslate":109,"minecraft:iron_leggings":1,"minecraft:calcite":1,"minecraft:water_bucket":6,"minecraft:amethyst_block":3,"minecraft:cobblestone_slab":1,"minecraft:cracked_stone_bricks":2,"minecraft:rail":2,"minecraft:crafting_table":23,"minecraft:white_bed":3,"cobblemon:healing_machine":2,"minecraft:diamond_pickaxe":78,"minecraft:sunflower":3,"minecraft:iron_pickaxe":336,"minecraft:stone_axe":52,"minecraft:cobblestone":150,"cobblemon:fossil_analyzer":1,"minecraft:bucket":19,"minecraft:yellow_bed":1},"minecraft:crafted":{"minecraft:oak_planks":136,"minecraft:smooth_stone":2,"cobblemon:slate_ball":12,"minecraft:stone":2,"minecraft:glass":2,"minecraft:iron_boots":1,"minecraft:stone_hoe":1,"minecraft:diamond_axe":1,"minecraft:crafting_table":6,"minecraft:wooden_pickaxe":2,"minecraft:iron_helmet":1,"minecraft:copper_ingot":28,"cobblemon:poke_ball":16,"cobblemon:healing_machine":1,"minecraft:iron_chestplate":1,"minecraft:diamond_pickaxe":1,"minecraft:stick":68,"minecraft:iron_ingot":65,"cobblemon:berry_juice":91,"cobblemon:fossil_analyzer":1,"cobblemon:revive":1,"minecraft:leather_boots":1,"minecraft:furnace":1,"minecraft:bone_meal":324,"minecraft:flint_and_steel":1,"minecraft:stone_pickaxe":3,"minecraft:wheat":369,"cobblemon:roasted_leek":3,"minecraft:iron_sword":1,"minecraft:bowl":72,"cobblemon:pc":1,"minecraft:bucket":1,"cobblemon:roseate_ball":32,"cobblemon:heavy_duty_boots":1,"minecraft:stone_axe":1,"minecraft:bread":118,"minecraft:air":0,"cobblemon:heal_powder":1,"minecraft:wooden_axe":1,"minecraft:iron_leggings":1,"minecraft:torch":120},"minecraft:custom":{"minecraft:interact_with_crafting_table":51,"minecraft:leave_game":3,"minecraft:time_since_death":38951,"minecraft:sprint_one_cm":498784,"minecraft:drop":137,"minecraft:play_time":239839,"minecraft:deaths":12,"minecraft:jump":2692,"minecraft:walk_on_water_one_cm":22728,"minecraft:interact_with_furnace":51,"minecraft:sleep_in_bed":5,"minecraft:damage_dealt":5272,"minecraft:crouch_one_cm":31781,"minecraft:mob_kills":41,"minecraft:climb_one_cm":520,"minecraft:walk_one_cm":421994,"minecraft:sneak_time":11987,"minecraft:walk_under_water_one_cm":11098,"minecraft:total_world_time":239839,"minecraft:time_since_rest":9639,"minecraft:damage_taken":5867,"minecraft:swim_one_cm":12999,"minecraft:fly_one_cm":871351,"minecraft:open_chest":4,"minecraft:fall_one_cm":88674},"minecraft:picked_up":{"minecraft:wooden_axe":1,"minecraft:iron_chestplate":1,"minecraft:wheat":45,"cobblemon:red_apricorn":67,"minecraft:enchanted_book":3,"minecraft:amethyst_block":3,"minecraft:string":78,"minecraft:raw_copper":379,"minecraft:iron_leggings":1,"minecraft:cobbled_deepslate":139,"cobblemon:white_apricorn_seed":5,"cobblemon:oran_berry":208,"minecraft:cobblestone_slab":2,"minecraft:calcite":1,"minecraft:iron_pickaxe":12,"cobblemon:big_root":2,"cobblemon:full_restore":1,"minecraft:iron_boots":1,"minecraft:furnace":16,"minecraft:stick":110,"cobblemon:pc":3,"minecraft:torch":123,"minecraft:porkchop":1,"minecraft:diorite":18,"minecraft:rotten_flesh":18,"minecraft:honey_bottle":2,"minecraft:obsidian":4,"minecraft:cobblestone":265,"minecraft:water_bucket":2,"minecraft:andesite":22,"cobblemon:pinap_berry":16,"cobblemon:roseate_ball":16,"minecraft:tuff":14,"minecraft:flint":1,"minecraft:lapis_lazuli":103,"minecraft:dirt":44,"minecraft:name_tag":2,"minecraft:bone":23,"minecraft:orange_tulip":6,"minecraft:wheat_seeds":3,"cobblemon:roasted_leek":2,"cobblemon:black_apricorn":13,"minecraft:raw_gold":62,"minecraft:stone_hoe":1,"minecraft:oak_planks":94,"minecraft:honeycomb":1,"minecraft:ghast_tear":2,"cobblemon:sun_stone":12,"minecraft:cooked_porkchop":4,"minecraft:music_disc_13":4,"minecraft:sand":5,"cobblemon:persim_berry":25,"cobblemon:leppa_berry":2,"minecraft:diamond":79,"cobblemon:poke_ball":22,"waystones:waystone":2,"minecraft:granite":5,"cobblemon:rindo_berry":19,"minecraft:bread":331,"cobblemon:medicinal_leek":9,"minecraft:netherrack":42,"minecraft:diamond_pickaxe":1,"minecraft:crafting_table":23,"minecraft:clay_ball":4,"cobblemon:yellow_apricorn":19,"minecraft:wooden_pickaxe":2,"minecraft:pink_wool":5,"minecraft:chain":9,"minecraft:shield":1,"minecraft:iron_axe":1,"cobblemon:revival_herb":7,"minecraft:flint_and_steel":1,"cobblemon:white_apricorn":11,"minecraft:cracked_stone_bricks":2,"minecraft:beef":57,"cobblemon:relic_coin":7,"minecraft:poppy":1,"cobblemon:pep_up_flower":1,"cobblemon:green_apricorn_seed":1,"minecraft:raw_iron":418,"minecraft:copper_ingot":13,"minecraft:carrot":8,"minecraft:redstone":90,"cobblemon:berry_juice":14,"minecraft:arrow":29,"minecraft:hay_block":230,"minecraft:saddle":3,"minecraft:rail":3,"minecraft:mutton":39,"minecraft:white_wool":17,"minecraft:bone_block":37,"minecraft:leather":8,"minecraft:ochre_froglight":6,"cobblemon:slate_ball":9,"minecraft:oak_log":47,"minecraft:yellow_bed":3,"minecraft:gunpowder":3,"cobblemon:pink_apricorn_seed":4,"minecraft:stone_bricks":1,"minecraft:iron_ingot":158,"minecraft:stone_pickaxe":4,"minecraft:stripped_oak_wood":1,"minecraft:iron_sword":11,"cobblemon:red_apricorn_seed":9,"cobblemon:payapa_berry":1,"cobblemon:black_apricorn_seed":4,"minecraft:dandelion":4,"minecraft:gravel":13,"cobblemon:cheri_berry":19,"minecraft:amethyst_shard":24,"cobblemon:pink_apricorn":40,"minecraft:white_bed":8,"minecraft:slime_ball":40,"minecraft:stone_axe":5,"minecraft:iron_helmet":3,"minecraft:black_wool":2,"minecraft:coal":232,"minecraft:sunflower":4},"minecraft:broken":{"minecraft:wooden_axe":1,"minecraft:iron_pickaxe":1},"minecraft:killed_by":{"minecraft:creeper":1,"minecraft:zombie":2,"minecraft:player":1,"minecraft:iron_golem":2,"minecraft:skeleton":6},"minecraft:killed":{"minecraft:spider":2,"minecraft:skeleton":6,"minecraft:pig":1,"minecraft:iron_golem":1,"minecraft:sheep":7,"minecraft:zombie":3,"minecraft:ghast":3,"minecraft:cow":3,"minecraft:slime":12,"cobblemon:pokemon":1},"minecraft:dropped":{"minecraft:iron_sword":3,"minecraft:lapis_lazuli":28,"minecraft:diamond":16,"cobblemon:sun_stone":2,"minecraft:crafting_table":2,"minecraft:cooked_porkchop":4,"minecraft:orange_tulip":5,"minecraft:leather":2,"minecraft:honeycomb":1,"minecraft:saddle":1,"minecraft:rail":1,"minecraft:music_disc_13":2,"minecraft:dirt":1,"cobblemon:slate_ball":2,"minecraft:mutton":5,"minecraft:chain":3,"minecraft:amethyst_shard":8,"minecraft:sunflower":1,"minecraft:sand":2,"minecraft:iron_pickaxe":4,"minecraft:stripped_oak_wood":1,"minecraft:white_wool":11,"minecraft:bone":7,"minecraft:gravel":1,"minecraft:stone_axe":2,"cobblemon:big_root":2,"minecraft:wheat":15,"minecraft:rotten_flesh":18,"minecraft:oak_planks":13,"cobblemon:black_apricorn":1,"minecraft:carrot":2,"cobblemon:white_apricorn_seed":1,"minecraft:gunpowder":3,"minecraft:ochre_froglight":1,"cobblemon:revival_herb":3,"minecraft:arrow":4,"minecraft:beef":9,"minecraft:netherrack":1,"minecraft:enchanted_book":1,"minecraft:water_bucket":1,"minecraft:iron_ingot":63,"minecraft:bread":93,"minecraft:wheat_seeds":1,"minecraft:iron_helmet":4,"cobblemon:green_apricorn_seed":1,"minecraft:cobblestone":2,"minecraft:granite":5,"minecraft:copper_ingot":12,"minecraft:coal":63,"cobblemon:oran_berry":27,"minecraft:stick":21,"cobblemon:pink_apricorn":1,"minecraft:diorite":3,"minecraft:torch":11,"cobblemon:payapa_berry":1,"minecraft:iron_leggings":1,"minecraft:iron_axe":1,"cobblemon:full_restore":1,"minecraft:string":20,"minecraft:dandelion":1,"minecraft:redstone":18,"minecraft:furnace":2,"minecraft:raw_copper":113,"minecraft:bowl":12,"minecraft:raw_iron":84,"minecraft:clay_ball":4,"minecraft:iron_boots":1,"minecraft:name_tag":1,"minecraft:cobblestone_slab":1,"minecraft:hay_block":23,"minecraft:shield":1,"minecraft:iron_chestplate":1,"minecraft:andesite":3,"minecraft:yellow_bed":1,"minecraft:pink_wool":2,"minecraft:slime_ball":8,"minecraft:bow":1,"minecraft:stone_pickaxe":3,"minecraft:wooden_pickaxe":2,"minecraft:raw_gold":17,"waystones:waystone":1},"minecraft:mined":{"minecraft:large_amethyst_bud":2,"minecraft:white_bed":5,"cobblemon:pc":2,"minecraft:obsidian":4,"minecraft:granite":3,"minecraft:grass_block":11,"minecraft:cobbled_deepslate":8,"minecraft:iron_ore":61,"minecraft:fire":2,"minecraft:deepslate_lapis_ore":4,"cobblemon:medicinal_leek":1,"minecraft:dirt_path":3,"minecraft:deepslate_redstone_ore":4,"minecraft:soul_fire":1,"cobblemon:revival_herb":1,"minecraft:amethyst_cluster":2,"minecraft:clay":1,"minecraft:torch":7,"minecraft:calcite":1,"cobblemon:pinap_berry":3,"minecraft:cobblestone":14,"minecraft:oak_planks":3,"minecraft:wall_torch":29,"minecraft:amethyst_block":3,"minecraft:deepslate_copper_ore":7,"minecraft:chain":3,"minecraft:stripped_oak_wood":2,"minecraft:orange_tulip":4,"minecraft:grass":26,"minecraft:oak_log":47,"minecraft:sand":5,"minecraft:dirt":14,"minecraft:netherrack":30,"minecraft:oak_leaves":10,"minecraft:deepslate":123,"minecraft:tuff":7,"minecraft:deepslate_diamond_ore":17,"minecraft:pink_wool":1,"minecraft:hay_block":70,"minecraft:furnace":4,"minecraft:carrots":1,"minecraft:andesite":19,"minecraft:deepslate_iron_ore":8,"minecraft:cobblestone_slab":1,"minecraft:rail":1,"minecraft:stone":199,"minecraft:bone_block":34,"minecraft:crafting_table":19,"minecraft:copper_ore":9,"minecraft:tall_grass":3,"minecraft:deepslate_coal_ore":3,"minecraft:deepslate_gold_ore":9,"cobblemon:oran_berry":2,"minecraft:diorite":10,"cobblemon:relic_coin_pouch":1,"minecraft:yellow_bed":1,"minecraft:coal_ore":84,"minecraft:ochre_froglight":1,"minecraft:sunflower":6,"minecraft:gravel":12,"minecraft:cobweb":18,"minecraft:cracked_stone_bricks":2,"cobblemon:sun_stone_ore":2,"minecraft:stone_bricks":1}},"DataVersion":3465}