{"stats":{"minecraft:used":{"minecraft:stone_pickaxe":220,"minecraft:oak_planks":1,"minecraft:wooden_pickaxe":38,"minecraft:iron_sword":6,"minecraft:stone_hoe":70,"minecraft:torch":28,"minecraft:sand":1,"minecraft:crafting_table":11,"cobblemon:healing_machine":1,"minecraft:wooden_axe":35,"minecraft:sunflower":3,"minecraft:bread":5,"minecraft:iron_pickaxe":8,"minecraft:stone_axe":23,"minecraft:cobblestone":44,"minecraft:hay_block":1,"minecraft:andesite":16},"minecraft:crafted":{"minecraft:oak_planks":36,"minecraft:crafting_table":2,"minecraft:wooden_pickaxe":2,"minecraft:iron_sword":1,"minecraft:stone_axe":1,"minecraft:bread":54,"minecraft:stick":32,"minecraft:stone_pickaxe":3,"minecraft:wooden_axe":1,"minecraft:torch":52,"minecraft:stone_hoe":1,"minecraft:wheat":162},"minecraft:custom":{"minecraft:mob_kills":14,"minecraft:interact_with_crafting_table":11,"minecraft:leave_game":3,"minecraft:time_since_death":3662,"minecraft:sleep_in_bed":1,"minecraft:time_since_rest":3698,"minecraft:sprint_one_cm":95682,"minecraft:damage_taken":1226,"minecraft:walk_one_cm":86004,"minecraft:drop":35,"minecraft:damage_dealt":2109,"minecraft:swim_one_cm":4862,"minecraft:fly_one_cm":112231,"minecraft:crouch_one_cm":10421,"minecraft:play_time":59839,"minecraft:deaths":4,"minecraft:sneak_time":3411,"minecraft:walk_under_water_one_cm":3225,"minecraft:jump":534,"minecraft:walk_on_water_one_cm":6216,"minecraft:total_world_time":59839,"minecraft:fall_one_cm":15250},"minecraft:picked_up":{"minecraft:wooden_axe":1,"minecraft:crafting_table":11,"minecraft:andesite":20,"minecraft:leather":2,"minecraft:wooden_pickaxe":1,"minecraft:pink_wool":1,"minecraft:oak_log":22,"minecraft:string":12,"minecraft:dirt":27,"minecraft:orange_tulip":5,"minecraft:wheat_seeds":2,"minecraft:stone_pickaxe":2,"minecraft:beef":12,"minecraft:iron_ingot":4,"minecraft:stripped_oak_wood":1,"cobblemon:full_restore":1,"minecraft:iron_sword":1,"minecraft:stone_hoe":1,"minecraft:oak_planks":10,"cobblemon:sun_stone":2,"minecraft:stick":2,"minecraft:raw_iron":98,"minecraft:torch":17,"minecraft:dandelion":2,"minecraft:gravel":3,"minecraft:sand":3,"minecraft:porkchop":1,"minecraft:diorite":3,"minecraft:carrot":2,"minecraft:white_bed":1,"minecraft:rotten_flesh":13,"minecraft:iron_helmet":2,"minecraft:hay_block":111,"minecraft:granite":5,"minecraft:rail":1,"minecraft:black_wool":2,"minecraft:mutton":12,"minecraft:coal":44,"minecraft:cobblestone":175,"minecraft:white_wool":6,"minecraft:sunflower":3},"minecraft:broken":{"minecraft:wooden_axe":1},"minecraft:killed_by":{"minecraft:skeleton":1,"minecraft:creeper":1,"minecraft:zombie":2},"minecraft:killed":{"minecraft:pig":1,"minecraft:iron_golem":1,"minecraft:sheep":7,"minecraft:cow":3},"minecraft:dropped":{"minecraft:gravel":1,"minecraft:bread":23,"minecraft:orange_tulip":4,"minecraft:iron_helmet":3,"minecraft:rotten_flesh":13,"minecraft:granite":5,"minecraft:rail":1,"minecraft:coal":15,"minecraft:diorite":3,"minecraft:andesite":3,"minecraft:sand":2,"minecraft:wooden_pickaxe":1,"minecraft:stone_pickaxe":1,"cobblemon:full_restore":1,"minecraft:stripped_oak_wood":1},"minecraft:mined":{"minecraft:white_bed":1,"minecraft:crafting_table":10,"minecraft:torch":3,"minecraft:granite":3,"minecraft:grass_block":5,"cobblemon:pinap_berry":3,"minecraft:tall_grass":2,"minecraft:cobblestone":6,"cobblemon:oran_berry":2,"minecraft:wall_torch":6,"minecraft:hay_block":66,"minecraft:iron_ore":48,"minecraft:andesite":17,"minecraft:stripped_oak_wood":2,"minecraft:orange_tulip":4,"minecraft:grass":18,"minecraft:coal_ore":44,"minecraft:oak_log":22,"minecraft:dirt_path":1,"minecraft:sand":3,"minecraft:sunflower":4,"minecraft:dirt":9,"minecraft:gravel":1,"minecraft:cobweb":6,"cobblemon:sun_stone_ore":2,"minecraft:stone":130,"minecraft:oak_leaves":6}},"DataVersion":3465}