{"stats":{"minecraft:used":{"minecraft:stone_pickaxe":265,"minecraft:oak_planks":1,"minecraft:wooden_pickaxe":38,"minecraft:iron_sword":18,"minecraft:stone_hoe":70,"minecraft:torch":94,"minecraft:sand":1,"minecraft:rail":2,"minecraft:crafting_table":13,"cobblemon:healing_machine":1,"minecraft:wooden_axe":35,"minecraft:sunflower":3,"minecraft:bread":21,"minecraft:iron_pickaxe":86,"minecraft:furnace":1,"minecraft:stone_axe":25,"minecraft:cobblestone":82,"minecraft:hay_block":1,"minecraft:andesite":17,"minecraft:cobbled_deepslate":14},"minecraft:crafted":{"minecraft:oak_planks":36,"minecraft:crafting_table":3,"minecraft:wooden_pickaxe":2,"minecraft:iron_sword":1,"minecraft:furnace":1,"minecraft:stone_axe":1,"minecraft:bread":118,"minecraft:stick":64,"minecraft:stone_pickaxe":3,"minecraft:wooden_axe":1,"minecraft:torch":100,"minecraft:stone_hoe":1,"minecraft:wheat":369},"minecraft:custom":{"minecraft:interact_with_furnace":1,"minecraft:mob_kills":18,"minecraft:interact_with_crafting_table":14,"minecraft:leave_game":3,"minecraft:time_since_death":7221,"minecraft:sleep_in_bed":1,"minecraft:time_since_rest":7253,"minecraft:sprint_one_cm":164406,"minecraft:damage_taken":2301,"minecraft:walk_one_cm":131800,"minecraft:drop":40,"minecraft:damage_dealt":2729,"minecraft:swim_one_cm":5771,"minecraft:fly_one_cm":176569,"minecraft:open_chest":3,"minecraft:crouch_one_cm":16087,"minecraft:play_time":83839,"minecraft:deaths":5,"minecraft:sneak_time":5464,"minecraft:walk_under_water_one_cm":5800,"minecraft:jump":824,"minecraft:walk_on_water_one_cm":7859,"minecraft:total_world_time":83839,"minecraft:fall_one_cm":29142},"minecraft:picked_up":{"minecraft:wooden_axe":1,"minecraft:crafting_table":13,"minecraft:andesite":21,"minecraft:leather":2,"minecraft:wooden_pickaxe":2,"minecraft:pink_wool":1,"minecraft:oak_log":22,"minecraft:lapis_lazuli":19,"minecraft:string":18,"minecraft:dirt":27,"minecraft:raw_copper":126,"minecraft:bone":2,"minecraft:orange_tulip":5,"minecraft:wheat_seeds":2,"minecraft:cobbled_deepslate":42,"minecraft:raw_gold":11,"minecraft:stone_pickaxe":3,"minecraft:beef":30,"minecraft:iron_ingot":4,"minecraft:stripped_oak_wood":1,"minecraft:iron_pickaxe":4,"cobblemon:full_restore":1,"minecraft:iron_sword":2,"minecraft:stone_hoe":1,"minecraft:oak_planks":54,"minecraft:furnace":1,"cobblemon:sun_stone":6,"minecraft:stick":24,"minecraft:raw_iron":189,"minecraft:torch":62,"minecraft:dandelion":3,"minecraft:gravel":3,"minecraft:sand":3,"minecraft:porkchop":1,"minecraft:diorite":3,"minecraft:carrot":2,"minecraft:white_bed":1,"minecraft:redstone":36,"minecraft:diamond":2,"minecraft:arrow":4,"minecraft:stone_axe":2,"minecraft:rotten_flesh":14,"minecraft:iron_helmet":2,"minecraft:hay_block":157,"minecraft:granite":5,"minecraft:bread":14,"minecraft:rail":3,"minecraft:black_wool":2,"minecraft:mutton":22,"minecraft:coal":56,"minecraft:cobblestone":188,"minecraft:white_wool":6,"minecraft:sunflower":3},"minecraft:broken":{"minecraft:wooden_axe":1},"minecraft:killed_by":{"minecraft:skeleton":2,"minecraft:creeper":1,"minecraft:zombie":2},"minecraft:killed":{"minecraft:pig":1,"cobblemon:pokemon":1,"minecraft:iron_golem":1,"minecraft:skeleton":2,"minecraft:sheep":7,"minecraft:zombie":1,"minecraft:cow":3},"minecraft:dropped":{"minecraft:gravel":1,"minecraft:bread":23,"minecraft:orange_tulip":4,"minecraft:iron_helmet":3,"minecraft:rotten_flesh":14,"minecraft:granite":5,"minecraft:rail":1,"minecraft:coal":15,"minecraft:diorite":3,"minecraft:andesite":3,"minecraft:sand":2,"minecraft:wooden_pickaxe":2,"minecraft:stone_pickaxe":2,"cobblemon:full_restore":1,"minecraft:iron_pickaxe":2,"minecraft:stripped_oak_wood":1},"minecraft:mined":{"minecraft:deepslate_redstone_ore":4,"minecraft:white_bed":1,"minecraft:deepslate_diamond_ore":2,"minecraft:crafting_table":12,"minecraft:torch":3,"minecraft:granite":3,"minecraft:grass_block":5,"minecraft:copper_ore":9,"cobblemon:pinap_berry":3,"minecraft:tall_grass":2,"minecraft:cobblestone":12,"minecraft:deepslate_gold_ore":9,"cobblemon:oran_berry":2,"minecraft:wall_torch":7,"minecraft:deepslate_copper_ore":7,"minecraft:hay_block":66,"minecraft:furnace":1,"minecraft:cobbled_deepslate":2,"minecraft:iron_ore":61,"minecraft:andesite":18,"minecraft:stripped_oak_wood":2,"minecraft:orange_tulip":4,"minecraft:deepslate_lapis_ore":4,"minecraft:grass":18,"minecraft:deepslate_iron_ore":8,"minecraft:rail":1,"minecraft:coal_ore":56,"minecraft:oak_log":22,"minecraft:dirt_path":1,"minecraft:sand":3,"minecraft:sunflower":4,"minecraft:dirt":9,"minecraft:gravel":1,"minecraft:cobweb":6,"cobblemon:sun_stone_ore":2,"minecraft:stone":138,"minecraft:deepslate":35,"minecraft:oak_leaves":6}},"DataVersion":3465}