{"stats":{"minecraft:used":{"minecraft:iron_sword":63,"minecraft:stone_hoe":70,"minecraft:torch":151,"minecraft:tuff":7,"minecraft:wooden_axe":35,"minecraft:hay_block":5,"minecraft:furnace":1,"minecraft:cobbled_deepslate":109,"minecraft:calcite":1,"minecraft:diorite":10,"minecraft:amethyst_block":3,"minecraft:stone_pickaxe":273,"minecraft:oak_planks":15,"minecraft:wooden_pickaxe":38,"minecraft:cobblestone_slab":1,"minecraft:cracked_stone_bricks":1,"minecraft:sand":1,"minecraft:rail":2,"minecraft:crafting_table":13,"cobblemon:healing_machine":1,"minecraft:sunflower":3,"minecraft:bread":44,"minecraft:iron_pickaxe":274,"minecraft:gravel":2,"minecraft:stone_axe":34,"minecraft:cobblestone":92,"minecraft:andesite":17},"minecraft:crafted":{"minecraft:oak_planks":36,"minecraft:furnace":1,"minecraft:stone_pickaxe":3,"minecraft:stone_hoe":1,"minecraft:wheat":369,"minecraft:crafting_table":3,"minecraft:wooden_pickaxe":2,"minecraft:iron_sword":1,"minecraft:stone_axe":1,"minecraft:bread":118,"minecraft:stick":68,"minecraft:wooden_axe":1,"minecraft:torch":120},"minecraft:custom":{"minecraft:mob_kills":37,"minecraft:interact_with_crafting_table":14,"minecraft:leave_game":3,"minecraft:time_since_death":5757,"minecraft:sprint_one_cm":319351,"minecraft:walk_one_cm":229664,"minecraft:drop":87,"minecraft:play_time":119839,"minecraft:deaths":9,"minecraft:sneak_time":8457,"minecraft:walk_under_water_one_cm":7260,"minecraft:jump":1239,"minecraft:walk_on_water_one_cm":16016,"minecraft:total_world_time":119839,"minecraft:interact_with_furnace":1,"minecraft:sleep_in_bed":1,"minecraft:time_since_rest":5791,"minecraft:damage_taken":4531,"minecraft:damage_dealt":4317,"minecraft:swim_one_cm":5771,"minecraft:fly_one_cm":311729,"minecraft:open_chest":4,"minecraft:crouch_one_cm":23339,"minecraft:fall_one_cm":45908},"minecraft:picked_up":{"minecraft:wooden_axe":1,"minecraft:iron_chestplate":1,"minecraft:crafting_table":16,"minecraft:wheat":45,"minecraft:wooden_pickaxe":2,"minecraft:pink_wool":1,"minecraft:enchanted_book":3,"minecraft:chain":9,"minecraft:shield":1,"minecraft:amethyst_block":3,"minecraft:string":78,"minecraft:iron_axe":1,"minecraft:raw_copper":367,"minecraft:iron_leggings":1,"minecraft:cracked_stone_bricks":1,"minecraft:cobbled_deepslate":135,"cobblemon:white_apricorn_seed":3,"minecraft:beef":57,"cobblemon:oran_berry":27,"minecraft:cobblestone_slab":2,"minecraft:calcite":1,"minecraft:iron_pickaxe":9,"cobblemon:big_root":2,"cobblemon:full_restore":1,"cobblemon:green_apricorn_seed":1,"minecraft:iron_boots":1,"minecraft:furnace":7,"minecraft:raw_iron":413,"minecraft:stick":91,"minecraft:copper_ingot":12,"minecraft:torch":103,"minecraft:porkchop":1,"minecraft:diorite":18,"minecraft:carrot":4,"minecraft:redstone":90,"minecraft:rotten_flesh":18,"minecraft:arrow":12,"minecraft:hay_block":230,"minecraft:saddle":3,"minecraft:mutton":37,"minecraft:white_wool":15,"minecraft:rail":3,"minecraft:cobblestone":202,"minecraft:water_bucket":1,"minecraft:andesite":21,"minecraft:leather":4,"minecraft:ochre_froglight":3,"minecraft:tuff":14,"minecraft:oak_log":22,"minecraft:yellow_bed":3,"minecraft:gunpowder":3,"minecraft:lapis_lazuli":103,"minecraft:dirt":27,"minecraft:name_tag":2,"minecraft:bone":23,"minecraft:wheat_seeds":2,"minecraft:orange_tulip":6,"minecraft:raw_gold":62,"minecraft:iron_ingot":109,"minecraft:stone_pickaxe":4,"minecraft:stripped_oak_wood":1,"minecraft:oak_planks":94,"minecraft:stone_hoe":1,"minecraft:iron_sword":8,"cobblemon:sun_stone":12,"minecraft:cooked_porkchop":4,"minecraft:music_disc_13":4,"cobblemon:payapa_berry":1,"minecraft:dandelion":4,"minecraft:gravel":5,"minecraft:sand":3,"minecraft:amethyst_shard":24,"minecraft:white_bed":1,"minecraft:slime_ball":24,"minecraft:diamond":65,"minecraft:stone_axe":5,"waystones:waystone":1,"minecraft:iron_helmet":3,"minecraft:granite":5,"minecraft:bread":200,"minecraft:black_wool":2,"minecraft:coal":162,"minecraft:sunflower":3},"minecraft:broken":{"minecraft:iron_pickaxe":1,"minecraft:wooden_axe":1},"minecraft:killed_by":{"minecraft:player":1,"minecraft:creeper":1,"minecraft:skeleton":5,"minecraft:zombie":2},"minecraft:killed":{"minecraft:spider":2,"minecraft:slime":12,"minecraft:skeleton":5,"minecraft:pig":1,"cobblemon:pokemon":1,"minecraft:iron_golem":1,"minecraft:sheep":7,"minecraft:zombie":3,"minecraft:cow":3},"minecraft:dropped":{"minecraft:enchanted_book":1,"minecraft:iron_ingot":36,"minecraft:bread":83,"minecraft:iron_sword":2,"minecraft:lapis_lazuli":28,"minecraft:diamond":16,"cobblemon:sun_stone":2,"minecraft:crafting_table":1,"minecraft:orange_tulip":4,"minecraft:iron_helmet":3,"minecraft:cobblestone":1,"minecraft:granite":5,"minecraft:saddle":1,"minecraft:rail":1,"minecraft:coal":42,"minecraft:stick":21,"minecraft:music_disc_13":2,"minecraft:diorite":3,"minecraft:torch":11,"minecraft:mutton":5,"minecraft:chain":3,"minecraft:amethyst_shard":8,"minecraft:sand":2,"cobblemon:full_restore":1,"minecraft:stripped_oak_wood":1,"minecraft:iron_pickaxe":3,"minecraft:string":20,"minecraft:bone":7,"minecraft:redstone":18,"minecraft:dandelion":1,"minecraft:gravel":1,"minecraft:furnace":2,"minecraft:stone_axe":1,"minecraft:raw_copper":64,"minecraft:wheat":15,"minecraft:raw_iron":70,"minecraft:rotten_flesh":14,"minecraft:oak_planks":13,"minecraft:name_tag":1,"minecraft:cobblestone_slab":1,"minecraft:hay_block":23,"cobblemon:white_apricorn_seed":1,"minecraft:ochre_froglight":1,"minecraft:andesite":3,"minecraft:yellow_bed":1,"minecraft:arrow":4,"minecraft:raw_gold":17,"minecraft:beef":9,"minecraft:slime_ball":8,"minecraft:stone_pickaxe":3,"minecraft:wooden_pickaxe":2},"minecraft:mined":{"minecraft:large_amethyst_bud":2,"minecraft:tuff":7,"minecraft:white_bed":1,"minecraft:deepslate_diamond_ore":17,"minecraft:granite":3,"minecraft:grass_block":5,"minecraft:hay_block":70,"minecraft:furnace":1,"minecraft:iron_ore":61,"minecraft:cobbled_deepslate":8,"minecraft:andesite":18,"minecraft:deepslate_lapis_ore":4,"minecraft:cobblestone_slab":1,"minecraft:deepslate_iron_ore":8,"minecraft:dirt_path":1,"minecraft:rail":1,"minecraft:stone":153,"minecraft:deepslate_redstone_ore":4,"minecraft:amethyst_cluster":2,"minecraft:crafting_table":12,"minecraft:torch":7,"minecraft:calcite":1,"minecraft:cobblestone":12,"minecraft:tall_grass":2,"cobblemon:pinap_berry":3,"minecraft:copper_ore":9,"minecraft:deepslate_coal_ore":3,"minecraft:deepslate_gold_ore":9,"minecraft:oak_planks":3,"cobblemon:oran_berry":2,"minecraft:diorite":10,"minecraft:wall_torch":20,"minecraft:amethyst_block":3,"minecraft:deepslate_copper_ore":7,"minecraft:chain":3,"minecraft:stripped_oak_wood":2,"minecraft:orange_tulip":4,"minecraft:yellow_bed":1,"minecraft:grass":18,"minecraft:oak_log":22,"minecraft:coal_ore":84,"minecraft:ochre_froglight":1,"minecraft:gravel":3,"minecraft:sunflower":4,"minecraft:dirt":9,"minecraft:sand":3,"minecraft:cobweb":18,"minecraft:cracked_stone_bricks":1,"cobblemon:sun_stone_ore":2,"minecraft:oak_leaves":6,"minecraft:deepslate":119}},"DataVersion":3465}