{"stats":{"minecraft:killed_by":{"minecraft:creeper":1,"minecraft:zombie":2,"minecraft:player":1,"minecraft:iron_golem":2,"minecraft:skeleton":7},"minecraft:killed":{"minecraft:spider":2,"minecraft:skeleton":11,"minecraft:pig":1,"minecraft:iron_golem":1,"minecraft:sheep":7,"minecraft:zombie":5,"minecraft:donkey":1,"minecraft:ghast":3,"minecraft:cow":9,"minecraft:slime":12,"minecraft:horse":5,"cobblemon:pokemon":3,"minecraft:villager":1},"minecraft:crafted":{"minecraft:oak_planks":136,"minecraft:smooth_stone":2,"cobblemon:slate_ball":12,"cobblemon:apricorn_planks":32,"minecraft:stone":2,"minecraft:glass":2,"minecraft:iron_boots":1,"minecraft:stone_hoe":1,"minecraft:diamond_axe":1,"minecraft:crafting_table":7,"minecraft:wooden_pickaxe":2,"minecraft:iron_helmet":2,"minecraft:copper_ingot":28,"cobblemon:poke_ball":16,"cobblemon:healing_machine":1,"minecraft:iron_chestplate":1,"minecraft:diamond_pickaxe":1,"minecraft:stick":68,"minecraft:iron_ingot":65,"cobblemon:berry_juice":91,"cobblemon:fossil_analyzer":1,"minecraft:gold_ingot":1,"cobblemon:revive":1,"cobblemon:exp_share":1,"minecraft:leather_boots":1,"minecraft:furnace":2,"minecraft:bone_meal":324,"minecraft:flint_and_steel":1,"minecraft:stone_pickaxe":3,"minecraft:wheat":576,"cobblemon:roasted_leek":3,"minecraft:iron_sword":1,"minecraft:bowl":72,"cobblemon:pc":1,"minecraft:bucket":1,"cobblemon:roseate_ball":32,"cobblemon:heavy_duty_boots":1,"minecraft:stone_axe":1,"minecraft:bread":187,"minecraft:air":0,"cobblemon:heal_powder":1,"minecraft:wooden_axe":1,"minecraft:iron_leggings":1,"minecraft:torch":160},"minecraft:dropped":{"cobblemon:pinap_berry":1,"minecraft:iron_sword":3,"minecraft:lapis_lazuli":28,"cobblemon:berry_juice":20,"minecraft:glass_bottle":1,"minecraft:diamond":19,"cobblemon:sun_stone":2,"minecraft:crafting_table":2,"minecraft:cooked_porkchop":4,"minecraft:orange_tulip":5,"minecraft:leather":2,"minecraft:honeycomb":1,"minecraft:saddle":1,"minecraft:rail":1,"minecraft:music_disc_13":2,"minecraft:dirt":7,"cobblemon:slate_ball":2,"minecraft:mutton":5,"minecraft:chain":3,"minecraft:amethyst_shard":8,"minecraft:sunflower":1,"minecraft:sand":2,"minecraft:stripped_oak_wood":1,"minecraft:iron_pickaxe":4,"minecraft:white_wool":13,"cobblemon:red_apricorn":27,"minecraft:bone":8,"minecraft:gravel":1,"minecraft:stone_axe":2,"cobblemon:big_root":2,"minecraft:wheat":15,"minecraft:rotten_flesh":18,"minecraft:oak_planks":13,"cobblemon:black_apricorn":1,"minecraft:carrot":2,"minecraft:rabbit_hide":2,"cobblemon:white_apricorn_seed":1,"minecraft:gunpowder":3,"minecraft:ochre_froglight":1,"cobblemon:pink_apricorn_seed":1,"cobblemon:revival_herb":3,"minecraft:arrow":4,"minecraft:beef":9,"minecraft:netherrack":1,"minecraft:enchanted_book":1,"minecraft:water_bucket":1,"minecraft:iron_ingot":100,"minecraft:bread":134,"minecraft:wheat_seeds":2,"cobblemon:roasted_leek":2,"minecraft:iron_helmet":4,"cobblemon:green_apricorn_seed":1,"minecraft:cobblestone":4,"minecraft:granite":13,"minecraft:copper_ingot":21,"minecraft:coal":63,"cobblemon:oran_berry":27,"minecraft:stick":21,"cobblemon:pink_apricorn":1,"minecraft:diorite":3,"minecraft:torch":11,"cobblemon:payapa_berry":1,"minecraft:rabbit":2,"minecraft:brown_wool":1,"minecraft:iron_leggings":1,"minecraft:iron_axe":1,"cobblemon:full_restore":1,"minecraft:string":20,"minecraft:spruce_sapling":3,"minecraft:dandelion":1,"minecraft:redstone":18,"minecraft:furnace":2,"minecraft:raw_copper":113,"minecraft:bowl":20,"minecraft:raw_iron":84,"minecraft:clay_ball":4,"minecraft:iron_boots":1,"minecraft:name_tag":1,"minecraft:cobblestone_slab":1,"minecraft:hay_block":23,"minecraft:shield":3,"minecraft:iron_chestplate":2,"minecraft:andesite":3,"minecraft:yellow_bed":1,"minecraft:pink_wool":2,"minecraft:slime_ball":8,"waystones:waystone":1,"minecraft:bow":2,"minecraft:stone_pickaxe":3,"minecraft:wooden_pickaxe":2,"minecraft:raw_gold":17},"minecraft:custom":{"minecraft:interact_with_crafting_table":64,"minecraft:leave_game":5,"minecraft:time_since_death":1294,"minecraft:sprint_one_cm":633343,"minecraft:drop":211,"minecraft:play_time":326116,"minecraft:deaths":13,"minecraft:jump":3698,"minecraft:walk_on_water_one_cm":42546,"minecraft:interact_with_furnace":64,"minecraft:sleep_in_bed":10,"minecraft:waystone_activated":1,"minecraft:damage_dealt":9756,"minecraft:player_kills":1,"minecraft:crouch_one_cm":34060,"minecraft:mob_kills":63,"minecraft:climb_one_cm":520,"minecraft:walk_one_cm":550152,"minecraft:sneak_time":14496,"minecraft:walk_under_water_one_cm":24288,"minecraft:total_world_time":326116,"minecraft:time_since_rest":1331,"minecraft:damage_taken":7126,"minecraft:swim_one_cm":54776,"minecraft:fly_one_cm":1122319,"minecraft:open_chest":6,"minecraft:fall_one_cm":120893},"minecraft:picked_up":{"minecraft:wooden_axe":1,"minecraft:wheat":45,"minecraft:iron_chestplate":3,"cobblemon:red_apricorn":79,"minecraft:enchanted_book":3,"minecraft:amethyst_block":3,"minecraft:string":78,"minecraft:raw_copper":379,"minecraft:iron_leggings":3,"minecraft:cobbled_deepslate":139,"minecraft:bucket":1,"cobblemon:white_apricorn_seed":5,"cobblemon:oran_berry":222,"minecraft:cobblestone_slab":2,"minecraft:calcite":1,"minecraft:iron_pickaxe":12,"cobblemon:big_root":2,"cobblemon:full_restore":1,"minecraft:iron_boots":3,"minecraft:furnace":16,"minecraft:stick":118,"cobblemon:apricorn_log":8,"cobblemon:pc":3,"minecraft:torch":124,"minecraft:porkchop":1,"minecraft:diorite":18,"minecraft:honey_bottle":3,"minecraft:rotten_flesh":18,"minecraft:obsidian":4,"minecraft:cobblestone":381,"minecraft:magma_block":1,"minecraft:feather":1,"minecraft:water_bucket":2,"minecraft:andesite":40,"minecraft:brown_wool":1,"cobblemon:pinap_berry":24,"cobblemon:roseate_ball":55,"minecraft:tuff":14,"minecraft:flint":1,"minecraft:lapis_lazuli":103,"minecraft:dirt":54,"minecraft:name_tag":2,"minecraft:bone":34,"minecraft:orange_tulip":6,"cobblemon:roasted_leek":2,"minecraft:bow":1,"minecraft:wheat_seeds":4,"cobblemon:black_apricorn":13,"minecraft:raw_gold":62,"minecraft:rabbit":2,"minecraft:stone_hoe":1,"minecraft:oak_planks":126,"minecraft:honeycomb":1,"minecraft:ghast_tear":2,"cobblemon:sun_stone":14,"minecraft:cooked_porkchop":4,"minecraft:music_disc_13":4,"minecraft:sand":5,"cobblemon:persim_berry":25,"cobblemon:leppa_berry":2,"minecraft:diamond":100,"cobblemon:poke_ball":56,"waystones:waystone":2,"minecraft:granite":43,"cobblemon:rindo_berry":19,"minecraft:bread":394,"cobblemon:medicinal_leek":9,"minecraft:netherrack":42,"minecraft:diamond_pickaxe":2,"minecraft:crafting_table":24,"minecraft:clay_ball":4,"cobblemon:yellow_apricorn":31,"minecraft:wooden_pickaxe":2,"minecraft:pink_wool":5,"minecraft:chain":9,"minecraft:shield":4,"cobblemon:revival_herb":7,"minecraft:iron_axe":2,"minecraft:flint_and_steel":2,"cobblemon:white_apricorn":11,"minecraft:cracked_stone_bricks":2,"cobblemon:green_apricorn":15,"minecraft:beef":81,"cobblemon:relic_coin":14,"minecraft:poppy":1,"cobblemon:pep_up_flower":1,"minecraft:sugar_cane":2,"cobblemon:green_apricorn_seed":3,"minecraft:egg":1,"minecraft:raw_iron":418,"minecraft:copper_ingot":14,"minecraft:bowl":11,"minecraft:carrot":10,"minecraft:redstone":90,"cobblemon:berry_juice":26,"minecraft:arrow":32,"minecraft:hay_block":230,"minecraft:saddle":3,"cobblemon:blue_apricorn":26,"minecraft:rail":3,"minecraft:mutton":43,"minecraft:bone_block":37,"minecraft:white_wool":19,"minecraft:leather":21,"minecraft:ochre_froglight":6,"cobblemon:slate_ball":14,"minecraft:oak_log":47,"minecraft:yellow_bed":3,"minecraft:gunpowder":3,"cobblemon:pink_apricorn_seed":4,"minecraft:stone_bricks":1,"minecraft:rabbit_hide":4,"minecraft:iron_ingot":165,"minecraft:stone_pickaxe":4,"minecraft:stripped_oak_wood":1,"minecraft:iron_sword":12,"cobblemon:red_apricorn_seed":9,"cobblemon:payapa_berry":1,"cobblemon:black_apricorn_seed":6,"minecraft:dandelion":4,"minecraft:gravel":13,"cobblemon:cheri_berry":44,"minecraft:amethyst_shard":24,"minecraft:spruce_sapling":3,"cobblemon:pink_apricorn":40,"minecraft:white_bed":10,"minecraft:slime_ball":40,"minecraft:stone_axe":5,"minecraft:iron_helmet":4,"minecraft:diamond_axe":1,"minecraft:black_wool":2,"minecraft:coal":242,"minecraft:sunflower":4},"minecraft:used":{"minecraft:poppy":1,"minecraft:iron_sword":170,"minecraft:tuff":7,"minecraft:lava_bucket":12,"minecraft:iron_helmet":1,"cobblemon:apricorn_planks":17,"minecraft:stone_bricks":1,"minecraft:magma_block":1,"minecraft:bow":5,"minecraft:hay_block":5,"minecraft:furnace":7,"minecraft:egg":1,"minecraft:diorite":10,"minecraft:stone_pickaxe":273,"minecraft:oak_planks":49,"minecraft:wooden_pickaxe":38,"minecraft:diamond_axe":30,"minecraft:sand":1,"waystones:waystone":1,"minecraft:bread":90,"minecraft:gravel":10,"cobblemon:red_apricorn_seed":8,"minecraft:andesite":18,"minecraft:bone_meal":324,"minecraft:flint_and_steel":2,"minecraft:stone_hoe":70,"minecraft:netherrack":28,"minecraft:torch":184,"minecraft:dirt":16,"minecraft:granite":30,"minecraft:wooden_axe":35,"cobblemon:pink_apricorn_seed":1,"minecraft:iron_boots":1,"cobblemon:pc":3,"minecraft:cobbled_deepslate":109,"minecraft:iron_leggings":1,"minecraft:calcite":1,"minecraft:water_bucket":10,"minecraft:amethyst_block":3,"minecraft:cobblestone_slab":1,"minecraft:cracked_stone_bricks":2,"minecraft:rail":2,"minecraft:crafting_table":24,"minecraft:white_bed":5,"cobblemon:healing_machine":2,"minecraft:diamond_pickaxe":217,"minecraft:sunflower":3,"minecraft:iron_pickaxe":336,"minecraft:stone_axe":52,"minecraft:cobblestone":174,"cobblemon:fossil_analyzer":1,"minecraft:bucket":27,"minecraft:yellow_bed":1},"minecraft:mined":{"minecraft:large_amethyst_bud":2,"minecraft:white_bed":7,"cobblemon:pc":2,"cobblemon:apricorn_log":8,"minecraft:obsidian":4,"minecraft:granite":39,"minecraft:grass_block":14,"minecraft:magma_block":1,"minecraft:iron_ore":61,"minecraft:cobbled_deepslate":8,"minecraft:fire":2,"minecraft:deepslate_lapis_ore":4,"cobblemon:medicinal_leek":1,"minecraft:dirt_path":8,"minecraft:deepslate_redstone_ore":4,"cobblemon:revival_herb":1,"minecraft:soul_fire":1,"minecraft:amethyst_cluster":2,"cobblemon:apricorn_leaves":5,"minecraft:clay":1,"minecraft:torch":7,"minecraft:calcite":1,"cobblemon:pinap_berry":3,"minecraft:cobblestone":15,"minecraft:sugar_cane":1,"minecraft:oak_planks":3,"minecraft:wall_torch":29,"minecraft:amethyst_block":3,"minecraft:deepslate_copper_ore":7,"minecraft:chain":3,"minecraft:stripped_oak_wood":2,"minecraft:orange_tulip":4,"minecraft:grass":32,"minecraft:oak_log":47,"minecraft:sand":5,"minecraft:dirt":16,"minecraft:netherrack":30,"minecraft:oak_leaves":10,"minecraft:deepslate":123,"minecraft:diamond_ore":3,"minecraft:tuff":7,"minecraft:deepslate_diamond_ore":18,"minecraft:pink_wool":1,"minecraft:hay_block":70,"minecraft:furnace":4,"minecraft:carrots":1,"minecraft:andesite":28,"minecraft:deepslate_iron_ore":8,"minecraft:cobblestone_slab":1,"minecraft:rail":1,"minecraft:stone":272,"minecraft:bone_block":34,"minecraft:crafting_table":20,"minecraft:tall_grass":7,"minecraft:copper_ore":9,"minecraft:deepslate_coal_ore":3,"minecraft:deepslate_gold_ore":9,"cobblemon:oran_berry":2,"minecraft:diorite":10,"cobblemon:relic_coin_pouch":1,"minecraft:yellow_bed":1,"minecraft:coal_ore":94,"minecraft:ochre_froglight":1,"minecraft:sunflower":6,"minecraft:gravel":12,"minecraft:cobweb":18,"minecraft:cracked_stone_bricks":2,"cobblemon:sun_stone_ore":2,"minecraft:stone_bricks":1},"minecraft:broken":{"minecraft:wooden_axe":1,"minecraft:iron_pickaxe":1}},"DataVersion":3465}