{"stats":{"minecraft:used":{"minecraft:iron_sword":42,"minecraft:stone_hoe":70,"minecraft:torch":137,"minecraft:tuff":7,"minecraft:wooden_axe":35,"minecraft:hay_block":1,"minecraft:furnace":1,"minecraft:cobbled_deepslate":101,"minecraft:calcite":1,"minecraft:diorite":10,"minecraft:amethyst_block":3,"minecraft:stone_pickaxe":270,"minecraft:oak_planks":1,"minecraft:wooden_pickaxe":38,"minecraft:cobblestone_slab":1,"minecraft:cracked_stone_bricks":1,"minecraft:sand":1,"minecraft:rail":2,"minecraft:crafting_table":13,"cobblemon:healing_machine":1,"minecraft:sunflower":3,"minecraft:bread":32,"minecraft:iron_pickaxe":261,"minecraft:gravel":2,"minecraft:stone_axe":30,"minecraft:cobblestone":92,"minecraft:andesite":17},"minecraft:crafted":{"minecraft:oak_planks":36,"minecraft:furnace":1,"minecraft:stone_pickaxe":3,"minecraft:stone_hoe":1,"minecraft:wheat":369,"minecraft:crafting_table":3,"minecraft:wooden_pickaxe":2,"minecraft:iron_sword":1,"minecraft:stone_axe":1,"minecraft:bread":118,"minecraft:stick":68,"minecraft:wooden_axe":1,"minecraft:torch":104},"minecraft:custom":{"minecraft:mob_kills":21,"minecraft:interact_with_crafting_table":14,"minecraft:leave_game":3,"minecraft:time_since_death":14632,"minecraft:sprint_one_cm":277473,"minecraft:walk_one_cm":196515,"minecraft:drop":42,"minecraft:play_time":107839,"minecraft:deaths":6,"minecraft:sneak_time":7260,"minecraft:walk_under_water_one_cm":5908,"minecraft:jump":1067,"minecraft:walk_on_water_one_cm":13653,"minecraft:total_world_time":107839,"minecraft:interact_with_furnace":1,"minecraft:sleep_in_bed":1,"minecraft:time_since_rest":14665,"minecraft:damage_taken":3106,"minecraft:damage_dealt":3370,"minecraft:swim_one_cm":5771,"minecraft:fly_one_cm":229610,"minecraft:open_chest":4,"minecraft:crouch_one_cm":21043,"minecraft:fall_one_cm":35425},"minecraft:picked_up":{"minecraft:wooden_axe":1,"minecraft:iron_chestplate":1,"minecraft:crafting_table":14,"minecraft:wheat":15,"minecraft:wooden_pickaxe":2,"minecraft:pink_wool":1,"minecraft:enchanted_book":1,"minecraft:chain":3,"minecraft:shield":1,"minecraft:amethyst_block":3,"minecraft:string":37,"minecraft:iron_axe":1,"minecraft:raw_copper":239,"minecraft:iron_leggings":1,"minecraft:cracked_stone_bricks":1,"minecraft:cobbled_deepslate":127,"cobblemon:white_apricorn_seed":1,"minecraft:beef":39,"cobblemon:oran_berry":27,"minecraft:cobblestone_slab":2,"minecraft:calcite":1,"minecraft:iron_pickaxe":7,"cobblemon:big_root":2,"cobblemon:full_restore":1,"cobblemon:green_apricorn_seed":1,"minecraft:iron_boots":1,"minecraft:furnace":3,"minecraft:raw_iron":273,"minecraft:stick":49,"minecraft:copper_ingot":12,"minecraft:torch":81,"minecraft:porkchop":1,"minecraft:diorite":18,"minecraft:carrot":4,"minecraft:redstone":54,"minecraft:rotten_flesh":18,"minecraft:arrow":8,"minecraft:hay_block":180,"minecraft:saddle":1,"minecraft:mutton":27,"minecraft:white_wool":15,"minecraft:rail":3,"minecraft:cobblestone":201,"minecraft:water_bucket":1,"minecraft:andesite":21,"minecraft:leather":4,"minecraft:ochre_froglight":1,"minecraft:tuff":14,"minecraft:oak_log":22,"minecraft:yellow_bed":1,"minecraft:gunpowder":3,"minecraft:lapis_lazuli":47,"minecraft:dirt":27,"minecraft:bone":7,"minecraft:wheat_seeds":2,"minecraft:orange_tulip":6,"minecraft:raw_gold":28,"minecraft:iron_ingot":37,"minecraft:stone_pickaxe":4,"minecraft:stripped_oak_wood":1,"minecraft:oak_planks":67,"minecraft:stone_hoe":1,"minecraft:iron_sword":4,"cobblemon:sun_stone":8,"minecraft:cooked_porkchop":4,"minecraft:music_disc_13":1,"cobblemon:payapa_berry":1,"minecraft:dandelion":4,"minecraft:gravel":5,"minecraft:sand":3,"minecraft:amethyst_shard":8,"minecraft:white_bed":1,"minecraft:diamond":32,"minecraft:stone_axe":3,"waystones:waystone":1,"minecraft:iron_helmet":3,"minecraft:granite":5,"minecraft:bread":80,"minecraft:black_wool":2,"minecraft:coal":108,"minecraft:sunflower":3},"minecraft:broken":{"minecraft:iron_pickaxe":1,"minecraft:wooden_axe":1},"minecraft:killed_by":{"minecraft:creeper":1,"minecraft:skeleton":3,"minecraft:zombie":2},"minecraft:killed":{"minecraft:spider":1,"minecraft:skeleton":3,"minecraft:pig":1,"cobblemon:pokemon":1,"minecraft:iron_golem":1,"minecraft:sheep":7,"minecraft:zombie":2,"minecraft:cow":3},"minecraft:dropped":{"minecraft:bread":23,"minecraft:orange_tulip":4,"minecraft:iron_helmet":3,"minecraft:granite":5,"minecraft:rail":1,"minecraft:coal":15,"minecraft:diorite":3,"minecraft:sand":2,"cobblemon:full_restore":1,"minecraft:stripped_oak_wood":1,"minecraft:iron_pickaxe":2,"minecraft:dandelion":1,"minecraft:gravel":1,"minecraft:rotten_flesh":14,"minecraft:cobblestone_slab":1,"minecraft:andesite":3,"minecraft:stone_pickaxe":2,"minecraft:wooden_pickaxe":2},"minecraft:mined":{"minecraft:large_amethyst_bud":2,"minecraft:tuff":7,"minecraft:white_bed":1,"minecraft:deepslate_diamond_ore":16,"minecraft:granite":3,"minecraft:grass_block":5,"minecraft:hay_block":66,"minecraft:furnace":1,"minecraft:iron_ore":61,"minecraft:cobbled_deepslate":8,"minecraft:andesite":18,"minecraft:deepslate_lapis_ore":4,"minecraft:cobblestone_slab":1,"minecraft:deepslate_iron_ore":8,"minecraft:dirt_path":1,"minecraft:rail":1,"minecraft:stone":152,"minecraft:deepslate_redstone_ore":4,"minecraft:amethyst_cluster":2,"minecraft:crafting_table":12,"minecraft:torch":7,"minecraft:calcite":1,"minecraft:cobblestone":12,"minecraft:tall_grass":2,"cobblemon:pinap_berry":3,"minecraft:copper_ore":9,"minecraft:deepslate_coal_ore":3,"minecraft:deepslate_gold_ore":9,"minecraft:oak_planks":2,"cobblemon:oran_berry":2,"minecraft:diorite":10,"minecraft:wall_torch":18,"minecraft:amethyst_block":3,"minecraft:deepslate_copper_ore":7,"minecraft:chain":3,"minecraft:stripped_oak_wood":2,"minecraft:orange_tulip":4,"minecraft:yellow_bed":1,"minecraft:grass":18,"minecraft:oak_log":22,"minecraft:coal_ore":84,"minecraft:ochre_froglight":1,"minecraft:gravel":3,"minecraft:sunflower":4,"minecraft:dirt":9,"minecraft:sand":3,"minecraft:cobweb":18,"minecraft:cracked_stone_bricks":1,"cobblemon:sun_stone_ore":2,"minecraft:oak_leaves":6,"minecraft:deepslate":106}},"DataVersion":3465}