{"stats":{"minecraft:used":{"minecraft:shield":24,"minecraft:iron_sword":65,"minecraft:rotten_flesh":12,"minecraft:iron_chestplate":1,"minecraft:torch":95,"minecraft:dirt":4,"minecraft:mutton":5,"minecraft:tuff":1,"minecraft:granite":5,"minecraft:wooden_axe":65,"minecraft:iron_axe":14,"minecraft:iron_boots":1,"minecraft:pink_wool":1,"minecraft:furnace":2,"minecraft:oak_sapling":4,"minecraft:cobbled_deepslate":6,"minecraft:iron_leggings":1,"minecraft:cooked_mutton":5,"minecraft:water_bucket":8,"minecraft:diorite":1,"minecraft:stone_pickaxe":86,"minecraft:oak_planks":21,"minecraft:wooden_pickaxe":18,"minecraft:white_wool":10,"minecraft:salmon":4,"minecraft:rail":23,"minecraft:crafting_table":9,"minecraft:white_bed":1,"minecraft:oak_log":2,"waystones:waystone":1,"minecraft:bread":18,"minecraft:iron_pickaxe":170,"minecraft:cobblestone":89,"cobblemon:medicinal_leek":1,"minecraft:cooked_porkchop":4,"minecraft:andesite":5,"minecraft:bucket":10,"minecraft:yellow_bed":2,"minecraft:bone_meal":3},"minecraft:crafted":{"minecraft:oak_planks":108,"minecraft:furnace":1,"minecraft:bone_meal":3,"minecraft:cooked_mutton":5,"minecraft:iron_boots":1,"minecraft:iron_axe":1,"cobblemon:citrine_ball":4,"minecraft:cooked_porkchop":4,"minecraft:crafting_table":5,"minecraft:wooden_pickaxe":1,"minecraft:iron_helmet":1,"minecraft:iron_sword":1,"minecraft:bowl":16,"minecraft:copper_ingot":22,"minecraft:bucket":1,"minecraft:air":0,"cobblemon:poke_ball":8,"minecraft:iron_chestplate":1,"minecraft:shield":1,"minecraft:stick":28,"minecraft:iron_ingot":56,"minecraft:iron_pickaxe":1,"minecraft:wooden_axe":2,"cobblemon:berry_juice":20,"minecraft:iron_leggings":1,"minecraft:torch":72},"minecraft:custom":{"minecraft:mob_kills":32,"minecraft:interact_with_crafting_table":33,"minecraft:time_since_death":47023,"minecraft:sprint_one_cm":438141,"minecraft:walk_one_cm":243100,"minecraft:damage_blocked_by_shield":1635,"minecraft:drop":60,"minecraft:talked_to_villager":1,"minecraft:play_time":141579,"minecraft:deaths":6,"minecraft:sneak_time":2823,"minecraft:walk_under_water_one_cm":7708,"minecraft:jump":1881,"minecraft:walk_on_water_one_cm":14238,"minecraft:total_world_time":141579,"minecraft:interact_with_furnace":38,"minecraft:sleep_in_bed":2,"minecraft:time_since_rest":2932,"minecraft:waystone_activated":1,"minecraft:damage_taken":3308,"minecraft:damage_dealt":5767,"minecraft:swim_one_cm":34320,"minecraft:player_kills":1,"minecraft:fly_one_cm":407191,"minecraft:open_chest":5,"minecraft:crouch_one_cm":6970,"minecraft:fall_one_cm":68741},"minecraft:picked_up":{"minecraft:iron_chestplate":1,"minecraft:crafting_table":6,"cobblemon:yellow_apricorn":7,"cobblemon:red_apricorn":9,"minecraft:wooden_pickaxe":3,"minecraft:pink_wool":1,"minecraft:shield":2,"minecraft:string":12,"minecraft:raw_copper":173,"minecraft:iron_axe":2,"minecraft:iron_leggings":1,"minecraft:cobbled_deepslate":14,"minecraft:beef":9,"cobblemon:oran_berry":114,"minecraft:iron_pickaxe":5,"cobblemon:big_root":6,"cobblemon:green_apricorn_seed":2,"minecraft:iron_boots":1,"minecraft:furnace":3,"minecraft:raw_iron":166,"minecraft:stick":14,"minecraft:copper_ingot":13,"minecraft:torch":46,"minecraft:porkchop":14,"minecraft:diorite":1,"minecraft:carrot":9,"minecraft:redstone":2,"minecraft:rabbit_foot":1,"minecraft:arrow":3,"minecraft:rotten_flesh":27,"minecraft:beetroot_seeds":1,"minecraft:hay_block":46,"minecraft:mutton":20,"minecraft:rail":8,"minecraft:white_wool":32,"minecraft:cobblestone":116,"minecraft:andesite":9,"minecraft:water_bucket":2,"minecraft:salmon":4,"minecraft:leather":6,"cobblemon:pinap_berry":4,"minecraft:tuff":1,"cobblemon:slate_ball":2,"minecraft:oak_log":29,"minecraft:yellow_bed":2,"minecraft:gunpowder":6,"minecraft:lapis_lazuli":18,"minecraft:dirt":19,"minecraft:bone":2,"cobblemon:black_apricorn":2,"minecraft:wheat_seeds":6,"minecraft:orange_tulip":4,"minecraft:raw_gold":8,"minecraft:rabbit_hide":2,"minecraft:iron_ingot":42,"minecraft:stone_pickaxe":5,"minecraft:rabbit":2,"minecraft:oak_planks":76,"minecraft:stone_hoe":1,"minecraft:iron_sword":2,"cobblemon:red_apricorn_seed":2,"cobblemon:sun_stone":2,"minecraft:cooked_porkchop":4,"cobblemon:payapa_berry":3,"minecraft:dandelion":1,"minecraft:gravel":1,"cobblemon:cheri_berry":13,"cobblemon:yellow_apricorn_seed":2,"cobblemon:pink_apricorn":3,"minecraft:white_bed":1,"cobblemon:poke_ball":3,"minecraft:stone_axe":1,"waystones:waystone":5,"minecraft:chainmail_leggings":1,"minecraft:iron_helmet":1,"minecraft:granite":5,"minecraft:bread":85,"cobblemon:medicinal_leek":1,"minecraft:oak_sapling":4,"minecraft:black_wool":1,"minecraft:coal":91},"minecraft:killed_by":{"minecraft:creeper":2,"minecraft:skeleton":1},"minecraft:killed":{"minecraft:witch":1,"minecraft:skeleton":4,"minecraft:pig":3,"minecraft:zombie_villager":1,"minecraft:salmon":4,"minecraft:iron_golem":1,"minecraft:sheep":4,"minecraft:zombie":13},"minecraft:dropped":{"minecraft:stone_hoe":1,"minecraft:iron_ingot":3,"minecraft:bread":12,"minecraft:iron_sword":1,"minecraft:wheat_seeds":6,"cobblemon:sun_stone":2,"minecraft:copper_ingot":2,"cobblemon:pink_apricorn":1,"minecraft:dirt":14,"minecraft:torch":24,"minecraft:mutton":5,"minecraft:iron_pickaxe":2,"minecraft:chainmail_leggings":1,"minecraft:string":6,"minecraft:dandelion":1,"minecraft:gravel":1,"minecraft:stone_axe":1,"minecraft:cobbled_deepslate":4,"minecraft:bowl":3,"minecraft:raw_iron":49,"minecraft:rotten_flesh":10,"minecraft:oak_planks":31,"minecraft:rabbit_foot":1,"minecraft:rabbit_hide":2,"minecraft:hay_block":46,"minecraft:andesite":2,"minecraft:arrow":1,"minecraft:stone_pickaxe":3,"minecraft:beef":9,"minecraft:wooden_pickaxe":2,"minecraft:black_wool":1},"minecraft:mined":{"minecraft:tuff":1,"cobblemon:big_root":1,"minecraft:granite":7,"minecraft:grass_block":1,"cobblemon:rindo_berry":1,"minecraft:tall_seagrass":3,"minecraft:furnace":2,"minecraft:carrots":2,"minecraft:iron_ore":31,"minecraft:andesite":10,"cobblemon:medicinal_leek":1,"minecraft:deepslate_iron_ore":40,"minecraft:rail":7,"minecraft:stone":99,"minecraft:crafting_table":3,"minecraft:torch":2,"minecraft:tall_grass":6,"minecraft:cobblestone":18,"minecraft:copper_ore":18,"minecraft:deepslate_coal_ore":4,"minecraft:deepslate_gold_ore":8,"minecraft:oak_planks":39,"minecraft:diorite":4,"minecraft:wall_torch":4,"minecraft:seagrass":2,"minecraft:wheat":1,"minecraft:yellow_bed":1,"minecraft:grass":14,"minecraft:coal_ore":11,"minecraft:oak_log":16,"minecraft:beetroots":1,"minecraft:dirt":4,"minecraft:deepslate":7}},"DataVersion":3465}