{"stats":{"minecraft:used":{"minecraft:oak_log":2,"minecraft:wooden_axe":34,"minecraft:stone_pickaxe":45,"minecraft:wooden_pickaxe":18,"minecraft:rotten_flesh":2,"minecraft:torch":7,"minecraft:salmon":4,"minecraft:cobblestone":8,"minecraft:mutton":4,"minecraft:crafting_table":2,"minecraft:furnace":1,"minecraft:oak_sapling":1,"minecraft:yellow_bed":2},"minecraft:crafted":{"minecraft:oak_planks":28,"minecraft:crafting_table":1,"minecraft:stick":4,"minecraft:iron_ingot":3,"minecraft:wooden_pickaxe":1,"minecraft:wooden_axe":1,"minecraft:furnace":1,"minecraft:torch":8,"minecraft:air":0},"minecraft:picked_up":{"minecraft:raw_iron":10,"minecraft:stick":6,"minecraft:crafting_table":2,"minecraft:salmon":4,"minecraft:torch":1,"minecraft:wooden_pickaxe":1,"minecraft:porkchop":6,"minecraft:oak_log":9,"minecraft:carrot":2,"minecraft:yellow_bed":2,"minecraft:rotten_flesh":5,"minecraft:beetroot_seeds":1,"minecraft:wheat_seeds":1,"minecraft:orange_tulip":1,"waystones:waystone":2,"minecraft:stone_pickaxe":2,"cobblemon:oran_berry":54,"minecraft:bread":23,"minecraft:oak_sapling":1,"minecraft:mutton":4,"minecraft:oak_planks":16,"minecraft:coal":7,"minecraft:white_wool":8,"minecraft:cobblestone":32},"minecraft:custom":{"minecraft:interact_with_furnace":2,"minecraft:time_since_rest":4227,"minecraft:sprint_one_cm":57497,"minecraft:damage_taken":368,"minecraft:walk_one_cm":30504,"minecraft:mob_kills":12,"minecraft:drop":2,"minecraft:damage_dealt":1126,"minecraft:swim_one_cm":28627,"minecraft:interact_with_crafting_table":7,"minecraft:fly_one_cm":71421,"minecraft:crouch_one_cm":1375,"minecraft:play_time":21579,"minecraft:deaths":1,"minecraft:sneak_time":770,"minecraft:walk_under_water_one_cm":6000,"minecraft:jump":343,"minecraft:walk_on_water_one_cm":6516,"minecraft:time_since_death":4202,"minecraft:total_world_time":21579,"minecraft:fall_one_cm":12587},"minecraft:killed":{"minecraft:sheep":4,"minecraft:zombie":1,"minecraft:pig":2,"minecraft:zombie_villager":1,"minecraft:salmon":4},"minecraft:dropped":{"minecraft:wheat_seeds":1,"minecraft:rotten_flesh":1},"minecraft:mined":{"minecraft:seagrass":2,"minecraft:tall_seagrass":3,"minecraft:carrots":2,"minecraft:iron_ore":11,"minecraft:wheat":1,"minecraft:yellow_bed":1,"minecraft:crafting_table":1,"minecraft:grass":3,"minecraft:coal_ore":7,"minecraft:oak_log":9,"minecraft:beetroots":1,"cobblemon:rindo_berry":1,"minecraft:stone":41,"minecraft:wall_torch":1}},"DataVersion":3465}