{"stats":{"minecraft:used":{"minecraft:diorite":1,"minecraft:stone_pickaxe":81,"minecraft:wooden_pickaxe":18,"minecraft:rotten_flesh":2,"minecraft:salmon":4,"minecraft:torch":15,"minecraft:mutton":4,"minecraft:crafting_table":2,"minecraft:granite":5,"minecraft:oak_log":2,"minecraft:wooden_axe":34,"minecraft:iron_axe":1,"minecraft:bread":3,"minecraft:iron_pickaxe":38,"minecraft:pink_wool":1,"minecraft:cobblestone":11,"minecraft:oak_sapling":1,"minecraft:furnace":1,"minecraft:andesite":5,"minecraft:yellow_bed":2},"minecraft:crafted":{"minecraft:oak_planks":80,"minecraft:crafting_table":1,"minecraft:wooden_pickaxe":1,"minecraft:furnace":1,"minecraft:air":0,"minecraft:iron_axe":1,"minecraft:stick":16,"minecraft:iron_ingot":10,"minecraft:iron_pickaxe":1,"minecraft:wooden_axe":1,"minecraft:torch":44},"minecraft:custom":{"minecraft:interact_with_furnace":5,"minecraft:mob_kills":12,"minecraft:interact_with_crafting_table":12,"minecraft:time_since_death":16202,"minecraft:time_since_rest":16227,"minecraft:sprint_one_cm":75291,"minecraft:damage_taken":563,"minecraft:walk_one_cm":59517,"minecraft:drop":17,"minecraft:damage_dealt":1227,"minecraft:swim_one_cm":28627,"minecraft:fly_one_cm":75362,"minecraft:crouch_one_cm":1776,"minecraft:play_time":33579,"minecraft:deaths":1,"minecraft:sneak_time":955,"minecraft:walk_under_water_one_cm":6000,"minecraft:jump":439,"minecraft:walk_on_water_one_cm":6516,"minecraft:total_world_time":33579,"minecraft:fall_one_cm":12796},"minecraft:picked_up":{"minecraft:crafting_table":4,"minecraft:salmon":4,"minecraft:andesite":6,"minecraft:leather":2,"minecraft:wooden_pickaxe":2,"minecraft:pink_wool":1,"minecraft:oak_log":22,"minecraft:yellow_bed":2,"minecraft:lapis_lazuli":9,"minecraft:dirt":14,"minecraft:string":6,"minecraft:raw_copper":59,"minecraft:orange_tulip":2,"minecraft:wheat_seeds":1,"minecraft:beef":9,"minecraft:iron_ingot":2,"minecraft:stone_pickaxe":3,"cobblemon:oran_berry":54,"minecraft:iron_pickaxe":1,"cobblemon:big_root":1,"minecraft:iron_sword":1,"minecraft:stone_hoe":1,"minecraft:oak_planks":16,"minecraft:furnace":1,"cobblemon:sun_stone":2,"minecraft:stick":6,"minecraft:raw_iron":68,"cobblemon:payapa_berry":1,"minecraft:torch":17,"minecraft:dandelion":1,"minecraft:gravel":1,"minecraft:porkchop":7,"minecraft:diorite":1,"minecraft:white_bed":1,"minecraft:carrot":4,"minecraft:rotten_flesh":5,"minecraft:stone_axe":1,"minecraft:beetroot_seeds":1,"waystones:waystone":2,"minecraft:hay_block":46,"minecraft:granite":5,"minecraft:bread":49,"minecraft:oak_sapling":1,"minecraft:black_wool":1,"minecraft:mutton":14,"minecraft:coal":38,"minecraft:white_wool":13,"minecraft:cobblestone":62},"minecraft:killed":{"minecraft:pig":2,"minecraft:zombie_villager":1,"minecraft:salmon":4,"minecraft:sheep":4,"minecraft:zombie":1},"minecraft:dropped":{"minecraft:stone_hoe":1,"minecraft:gravel":1,"minecraft:iron_sword":1,"minecraft:wheat_seeds":1,"minecraft:raw_iron":49,"minecraft:rotten_flesh":2,"minecraft:dirt":14,"minecraft:hay_block":46,"minecraft:stone_pickaxe":2,"minecraft:wooden_pickaxe":1,"minecraft:string":6,"minecraft:black_wool":1,"minecraft:dandelion":1},"minecraft:mined":{"cobblemon:big_root":1,"minecraft:crafting_table":2,"minecraft:torch":1,"minecraft:granite":7,"cobblemon:rindo_berry":1,"minecraft:copper_ore":17,"minecraft:cobblestone":5,"minecraft:diorite":4,"minecraft:wall_torch":4,"minecraft:seagrass":2,"minecraft:tall_seagrass":3,"minecraft:furnace":1,"minecraft:carrots":2,"minecraft:iron_ore":20,"minecraft:wheat":1,"minecraft:andesite":9,"minecraft:yellow_bed":1,"minecraft:grass":3,"minecraft:oak_log":9,"minecraft:coal_ore":7,"minecraft:beetroots":1,"minecraft:stone":56}},"DataVersion":3465}