{"stats":{"minecraft:used":{"minecraft:water_bucket":1,"minecraft:diorite":1,"minecraft:stone_pickaxe":86,"minecraft:oak_planks":1,"minecraft:wooden_pickaxe":18,"minecraft:iron_sword":3,"minecraft:rotten_flesh":2,"minecraft:iron_chestplate":1,"minecraft:salmon":4,"minecraft:torch":67,"minecraft:mutton":4,"minecraft:crafting_table":5,"minecraft:white_bed":1,"minecraft:tuff":1,"minecraft:granite":5,"waystones:waystone":1,"minecraft:oak_log":2,"minecraft:wooden_axe":34,"minecraft:iron_axe":8,"minecraft:bread":14,"minecraft:iron_pickaxe":90,"minecraft:iron_boots":1,"minecraft:pink_wool":1,"minecraft:cobblestone":50,"minecraft:oak_sapling":1,"minecraft:furnace":2,"minecraft:bucket":2,"minecraft:andesite":5,"minecraft:yellow_bed":2,"minecraft:iron_leggings":1},"minecraft:crafted":{"minecraft:oak_planks":80,"minecraft:crafting_table":1,"minecraft:iron_helmet":1,"minecraft:wooden_pickaxe":1,"minecraft:iron_sword":1,"minecraft:furnace":1,"minecraft:bucket":1,"minecraft:air":0,"minecraft:iron_boots":1,"minecraft:iron_chestplate":1,"minecraft:shield":1,"minecraft:iron_axe":1,"minecraft:stick":24,"minecraft:iron_ingot":43,"minecraft:iron_pickaxe":1,"minecraft:wooden_axe":1,"minecraft:iron_leggings":1,"minecraft:torch":44},"minecraft:custom":{"minecraft:interact_with_furnace":20,"minecraft:mob_kills":16,"minecraft:interact_with_crafting_table":22,"minecraft:time_since_death":10100,"minecraft:waystone_activated":1,"minecraft:time_since_rest":10203,"minecraft:sprint_one_cm":160707,"minecraft:damage_taken":1560,"minecraft:walk_one_cm":99093,"minecraft:drop":41,"minecraft:damage_dealt":2035,"minecraft:swim_one_cm":28627,"minecraft:fly_one_cm":132540,"minecraft:crouch_one_cm":2824,"minecraft:play_time":57579,"minecraft:deaths":2,"minecraft:sneak_time":1281,"minecraft:walk_under_water_one_cm":6000,"minecraft:jump":688,"minecraft:walk_on_water_one_cm":6591,"minecraft:total_world_time":57579,"minecraft:fall_one_cm":28300},"minecraft:picked_up":{"minecraft:crafting_table":6,"minecraft:water_bucket":1,"minecraft:salmon":4,"minecraft:andesite":9,"minecraft:leather":4,"minecraft:wooden_pickaxe":3,"minecraft:pink_wool":1,"minecraft:tuff":1,"minecraft:oak_log":22,"minecraft:shield":1,"minecraft:yellow_bed":2,"minecraft:gunpowder":3,"minecraft:iron_axe":1,"minecraft:lapis_lazuli":18,"minecraft:dirt":14,"minecraft:string":6,"minecraft:raw_copper":124,"minecraft:orange_tulip":3,"minecraft:wheat_seeds":1,"minecraft:cobbled_deepslate":8,"minecraft:raw_gold":8,"minecraft:beef":9,"minecraft:iron_ingot":11,"minecraft:stone_pickaxe":5,"cobblemon:oran_berry":81,"minecraft:iron_pickaxe":4,"cobblemon:big_root":4,"cobblemon:green_apricorn_seed":1,"minecraft:iron_sword":1,"minecraft:stone_hoe":1,"minecraft:oak_planks":37,"minecraft:furnace":2,"cobblemon:sun_stone":2,"minecraft:stick":14,"minecraft:raw_iron":138,"cobblemon:payapa_berry":2,"minecraft:torch":43,"minecraft:dandelion":1,"minecraft:gravel":1,"minecraft:porkchop":11,"minecraft:diorite":1,"minecraft:white_bed":1,"minecraft:carrot":6,"minecraft:rotten_flesh":8,"minecraft:stone_axe":1,"minecraft:beetroot_seeds":1,"waystones:waystone":3,"minecraft:hay_block":46,"minecraft:granite":5,"minecraft:bread":75,"minecraft:oak_sapling":1,"minecraft:black_wool":1,"minecraft:mutton":19,"minecraft:coal":62,"minecraft:white_wool":22,"minecraft:cobblestone":76},"minecraft:killed_by":{"minecraft:creeper":1},"minecraft:killed":{"minecraft:pig":2,"minecraft:zombie_villager":1,"minecraft:salmon":4,"minecraft:sheep":4,"minecraft:zombie":5},"minecraft:dropped":{"minecraft:stone_hoe":1,"minecraft:gravel":1,"minecraft:bread":12,"minecraft:iron_sword":1,"minecraft:stone_axe":1,"minecraft:wheat_seeds":1,"cobblemon:sun_stone":2,"minecraft:raw_iron":49,"minecraft:rotten_flesh":2,"minecraft:oak_planks":31,"minecraft:dirt":14,"minecraft:hay_block":46,"minecraft:torch":24,"minecraft:mutton":5,"minecraft:andesite":2,"minecraft:iron_pickaxe":2,"minecraft:beef":9,"minecraft:stone_pickaxe":3,"minecraft:wooden_pickaxe":2,"minecraft:string":6,"minecraft:black_wool":1,"minecraft:dandelion":1},"minecraft:mined":{"minecraft:tuff":1,"cobblemon:big_root":1,"minecraft:crafting_table":3,"minecraft:torch":1,"minecraft:granite":7,"cobblemon:rindo_berry":1,"minecraft:copper_ore":17,"minecraft:cobblestone":5,"minecraft:deepslate_gold_ore":8,"minecraft:diorite":4,"minecraft:wall_torch":4,"minecraft:seagrass":2,"minecraft:tall_seagrass":3,"minecraft:furnace":1,"minecraft:carrots":2,"minecraft:iron_ore":31,"minecraft:wheat":1,"minecraft:andesite":10,"minecraft:yellow_bed":1,"minecraft:grass":3,"minecraft:oak_log":9,"minecraft:coal_ore":7,"minecraft:deepslate_iron_ore":26,"minecraft:beetroots":1,"minecraft:stone":62,"minecraft:deepslate":4}},"DataVersion":3465}