{"stats":{"minecraft:killed":{"minecraft:witch":1,"minecraft:skeleton":4,"minecraft:pig":3,"minecraft:zombie_villager":1,"minecraft:salmon":4,"minecraft:iron_golem":1,"minecraft:sheep":4,"minecraft:zombie":15},"minecraft:killed_by":{"minecraft:player":1,"minecraft:creeper":2,"minecraft:skeleton":2},"minecraft:crafted":{"minecraft:oak_planks":152,"cobblemon:apricorn_planks":20,"minecraft:furnace":1,"minecraft:bone_meal":3,"minecraft:cooked_mutton":5,"minecraft:iron_boots":2,"minecraft:iron_axe":2,"cobblemon:citrine_ball":4,"minecraft:cooked_porkchop":4,"minecraft:crafting_table":8,"minecraft:wooden_pickaxe":1,"minecraft:iron_helmet":2,"minecraft:iron_sword":2,"minecraft:bowl":16,"minecraft:copper_ingot":61,"minecraft:bucket":1,"cobblemon:roseate_ball":4,"minecraft:air":0,"cobblemon:poke_ball":44,"minecraft:iron_chestplate":2,"minecraft:shield":2,"minecraft:stick":32,"minecraft:iron_ingot":56,"minecraft:iron_pickaxe":1,"minecraft:wooden_axe":2,"cobblemon:berry_juice":48,"minecraft:iron_leggings":2,"minecraft:torch":72},"minecraft:dropped":{"minecraft:stone_hoe":1,"minecraft:iron_ingot":11,"minecraft:bread":12,"minecraft:iron_sword":1,"minecraft:wheat_seeds":6,"cobblemon:sun_stone":2,"minecraft:leather":4,"minecraft:copper_ingot":2,"cobblemon:pink_apricorn":1,"minecraft:dirt":14,"minecraft:torch":24,"minecraft:mutton":5,"minecraft:iron_pickaxe":2,"minecraft:chainmail_leggings":1,"minecraft:string":6,"minecraft:dandelion":1,"minecraft:gravel":1,"minecraft:stone_axe":1,"minecraft:cobbled_deepslate":4,"minecraft:bowl":3,"minecraft:raw_iron":49,"minecraft:rotten_flesh":10,"minecraft:oak_planks":31,"minecraft:rabbit_foot":1,"minecraft:rabbit_hide":2,"minecraft:hay_block":46,"minecraft:andesite":2,"minecraft:wooden_pickaxe":2,"minecraft:arrow":1,"minecraft:beef":9,"minecraft:stone_pickaxe":3,"minecraft:black_wool":1},"minecraft:custom":{"minecraft:mob_kills":34,"minecraft:interact_with_crafting_table":52,"minecraft:leave_game":1,"minecraft:time_since_death":270,"minecraft:climb_one_cm":424,"minecraft:sprint_one_cm":614330,"minecraft:walk_one_cm":359432,"minecraft:damage_blocked_by_shield":1635,"minecraft:drop":63,"minecraft:talked_to_villager":2,"minecraft:play_time":267465,"minecraft:deaths":10,"minecraft:sneak_time":3851,"minecraft:walk_under_water_one_cm":11013,"minecraft:jump":2638,"minecraft:walk_on_water_one_cm":16860,"minecraft:total_world_time":267465,"minecraft:interact_with_furnace":45,"minecraft:sleep_in_bed":7,"minecraft:waystone_activated":2,"minecraft:time_since_rest":300,"minecraft:damage_taken":4534,"minecraft:damage_dealt":6193,"minecraft:swim_one_cm":48763,"minecraft:player_kills":1,"minecraft:fly_one_cm":601163,"minecraft:open_chest":5,"minecraft:crouch_one_cm":8695,"minecraft:fall_one_cm":97811},"minecraft:picked_up":{"minecraft:iron_chestplate":1,"minecraft:crafting_table":8,"minecraft:chicken":2,"cobblemon:yellow_apricorn":7,"cobblemon:red_apricorn":57,"minecraft:wooden_pickaxe":3,"minecraft:pink_wool":1,"minecraft:shield":2,"cobblemon:wepear_berry":17,"minecraft:string":12,"minecraft:raw_copper":173,"minecraft:iron_axe":2,"minecraft:iron_leggings":1,"cobblemon:white_apricorn":8,"minecraft:cobbled_deepslate":14,"cobblemon:green_apricorn":3,"minecraft:beef":11,"cobblemon:oran_berry":190,"minecraft:iron_pickaxe":5,"cobblemon:big_root":6,"cobblemon:green_apricorn_seed":2,"minecraft:egg":1,"minecraft:furnace":3,"minecraft:iron_boots":1,"minecraft:stick":14,"minecraft:raw_iron":166,"cobblemon:apricorn_log":5,"minecraft:copper_ingot":22,"minecraft:torch":46,"minecraft:porkchop":14,"minecraft:diorite":1,"minecraft:carrot":21,"minecraft:redstone":2,"minecraft:rabbit_foot":1,"cobblemon:berry_juice":20,"minecraft:arrow":3,"minecraft:rotten_flesh":30,"minecraft:beetroot_seeds":1,"minecraft:hay_block":46,"minecraft:mutton":20,"minecraft:rail":8,"minecraft:white_wool":34,"minecraft:cobblestone":116,"minecraft:feather":1,"minecraft:andesite":9,"minecraft:water_bucket":2,"minecraft:salmon":4,"minecraft:leather":8,"cobblemon:pinap_berry":12,"minecraft:tuff":1,"cobblemon:slate_ball":4,"minecraft:oak_log":40,"minecraft:yellow_bed":2,"minecraft:gunpowder":6,"minecraft:lapis_lazuli":18,"minecraft:dirt":20,"cobblemon:pink_apricorn_seed":3,"minecraft:bone":3,"minecraft:wheat_seeds":6,"minecraft:bow":1,"cobblemon:black_apricorn":2,"minecraft:orange_tulip":4,"minecraft:raw_gold":8,"minecraft:rabbit_hide":4,"minecraft:stone_pickaxe":5,"minecraft:iron_ingot":117,"minecraft:rabbit":3,"minecraft:stone_hoe":1,"minecraft:iron_sword":2,"minecraft:oak_planks":94,"cobblemon:red_apricorn_seed":5,"cobblemon:sun_stone":2,"minecraft:cooked_porkchop":4,"cobblemon:payapa_berry":3,"minecraft:dandelion":1,"minecraft:gravel":1,"cobblemon:cheri_berry":38,"cobblemon:yellow_apricorn_seed":2,"minecraft:spruce_sapling":1,"cobblemon:pink_apricorn":32,"minecraft:white_bed":5,"cobblemon:poke_ball":6,"minecraft:diamond":3,"minecraft:stone_axe":1,"waystones:waystone":5,"minecraft:chainmail_leggings":1,"minecraft:iron_helmet":1,"minecraft:granite":5,"minecraft:bread":126,"cobblemon:medicinal_leek":9,"minecraft:oak_sapling":4,"minecraft:black_wool":1,"minecraft:coal":91},"minecraft:used":{"minecraft:shield":24,"minecraft:iron_sword":81,"minecraft:rotten_flesh":12,"minecraft:iron_chestplate":2,"minecraft:torch":95,"minecraft:dirt":5,"minecraft:mutton":5,"minecraft:tuff":1,"minecraft:granite":5,"minecraft:wooden_axe":65,"minecraft:iron_axe":27,"cobblemon:pink_apricorn_seed":3,"minecraft:iron_boots":1,"minecraft:pink_wool":1,"minecraft:beef":2,"minecraft:oak_sapling":4,"minecraft:furnace":2,"minecraft:egg":1,"minecraft:cobbled_deepslate":6,"minecraft:iron_leggings":1,"minecraft:cooked_mutton":5,"minecraft:water_bucket":8,"minecraft:diorite":1,"minecraft:rabbit":3,"minecraft:stone_pickaxe":86,"minecraft:oak_planks":23,"minecraft:wooden_pickaxe":18,"minecraft:white_wool":12,"minecraft:salmon":4,"minecraft:rail":23,"minecraft:crafting_table":14,"minecraft:white_bed":4,"minecraft:oak_log":2,"waystones:waystone":1,"minecraft:chicken":1,"minecraft:bread":25,"minecraft:iron_pickaxe":170,"minecraft:cobblestone":89,"minecraft:porkchop":3,"cobblemon:red_apricorn_seed":3,"cobblemon:medicinal_leek":1,"minecraft:cooked_porkchop":4,"minecraft:andesite":5,"minecraft:bucket":10,"minecraft:yellow_bed":2,"minecraft:bone_meal":3},"minecraft:mined":{"minecraft:tuff":1,"minecraft:white_bed":4,"cobblemon:big_root":1,"cobblemon:apricorn_log":5,"minecraft:granite":7,"minecraft:grass_block":1,"cobblemon:rindo_berry":1,"minecraft:spruce_leaves":1,"minecraft:tall_seagrass":3,"minecraft:furnace":2,"minecraft:carrots":5,"minecraft:iron_ore":31,"minecraft:andesite":10,"cobblemon:medicinal_leek":4,"minecraft:deepslate_iron_ore":40,"minecraft:rail":7,"minecraft:stone":99,"minecraft:torch":2,"minecraft:crafting_table":5,"cobblemon:apricorn_leaves":1,"minecraft:tall_grass":6,"minecraft:copper_ore":18,"minecraft:cobblestone":18,"minecraft:deepslate_coal_ore":4,"minecraft:deepslate_gold_ore":8,"minecraft:oak_planks":41,"minecraft:diorite":4,"minecraft:wall_torch":4,"minecraft:seagrass":2,"minecraft:birch_log":1,"minecraft:wheat":1,"minecraft:yellow_bed":1,"minecraft:grass":21,"minecraft:oak_log":27,"minecraft:coal_ore":11,"minecraft:beetroots":1,"minecraft:sunflower":1,"minecraft:dirt":4,"minecraft:deepslate":7,"minecraft:fern":1}},"DataVersion":3465}