{"stats":{"minecraft:used":{"minecraft:shield":7,"minecraft:iron_sword":23,"minecraft:rotten_flesh":8,"minecraft:iron_chestplate":1,"minecraft:torch":79,"minecraft:mutton":4,"minecraft:tuff":1,"minecraft:granite":5,"minecraft:wooden_axe":34,"minecraft:iron_axe":8,"minecraft:iron_boots":1,"minecraft:pink_wool":1,"minecraft:furnace":2,"minecraft:oak_sapling":1,"minecraft:iron_leggings":1,"minecraft:cooked_mutton":3,"minecraft:water_bucket":4,"minecraft:diorite":1,"minecraft:stone_pickaxe":86,"minecraft:oak_planks":1,"minecraft:wooden_pickaxe":18,"minecraft:salmon":4,"minecraft:crafting_table":5,"minecraft:white_bed":1,"minecraft:oak_log":2,"waystones:waystone":1,"minecraft:bread":17,"minecraft:iron_pickaxe":115,"minecraft:cobblestone":52,"minecraft:andesite":5,"minecraft:bucket":6,"minecraft:yellow_bed":2},"minecraft:crafted":{"minecraft:oak_planks":80,"minecraft:furnace":1,"minecraft:cooked_mutton":5,"minecraft:iron_boots":1,"minecraft:iron_axe":1,"minecraft:cooked_porkchop":4,"minecraft:crafting_table":1,"minecraft:wooden_pickaxe":1,"minecraft:iron_helmet":1,"minecraft:iron_sword":1,"minecraft:copper_ingot":12,"minecraft:bucket":1,"minecraft:air":0,"minecraft:iron_chestplate":1,"minecraft:shield":1,"minecraft:stick":24,"minecraft:iron_ingot":56,"minecraft:iron_pickaxe":1,"minecraft:wooden_axe":1,"minecraft:iron_leggings":1,"minecraft:torch":72},"minecraft:custom":{"minecraft:mob_kills":22,"minecraft:interact_with_crafting_table":22,"minecraft:time_since_death":22100,"minecraft:sprint_one_cm":206169,"minecraft:walk_one_cm":121191,"minecraft:damage_blocked_by_shield":750,"minecraft:drop":44,"minecraft:play_time":69579,"minecraft:deaths":2,"minecraft:sneak_time":1398,"minecraft:walk_under_water_one_cm":6000,"minecraft:jump":892,"minecraft:walk_on_water_one_cm":7281,"minecraft:total_world_time":69579,"minecraft:interact_with_furnace":31,"minecraft:time_since_rest":22203,"minecraft:waystone_activated":1,"minecraft:damage_taken":1968,"minecraft:damage_dealt":3018,"minecraft:swim_one_cm":28627,"minecraft:fly_one_cm":177120,"minecraft:crouch_one_cm":3241,"minecraft:fall_one_cm":34630},"minecraft:picked_up":{"minecraft:crafting_table":6,"minecraft:wooden_pickaxe":3,"minecraft:pink_wool":1,"minecraft:shield":1,"minecraft:string":6,"minecraft:raw_copper":124,"minecraft:iron_axe":1,"minecraft:cobbled_deepslate":10,"minecraft:beef":9,"cobblemon:oran_berry":81,"minecraft:iron_pickaxe":4,"cobblemon:big_root":4,"cobblemon:green_apricorn_seed":1,"minecraft:furnace":3,"minecraft:raw_iron":148,"minecraft:stick":14,"minecraft:torch":43,"minecraft:porkchop":11,"minecraft:diorite":1,"minecraft:carrot":6,"minecraft:arrow":1,"minecraft:rotten_flesh":14,"minecraft:beetroot_seeds":1,"minecraft:hay_block":46,"minecraft:mutton":19,"minecraft:white_wool":22,"minecraft:cobblestone":78,"minecraft:andesite":9,"minecraft:water_bucket":1,"minecraft:salmon":4,"minecraft:leather":4,"minecraft:tuff":1,"minecraft:oak_log":22,"minecraft:yellow_bed":2,"minecraft:gunpowder":3,"minecraft:lapis_lazuli":18,"minecraft:dirt":14,"minecraft:wheat_seeds":1,"minecraft:orange_tulip":3,"minecraft:raw_gold":8,"minecraft:iron_ingot":11,"minecraft:stone_pickaxe":5,"minecraft:oak_planks":37,"minecraft:stone_hoe":1,"minecraft:iron_sword":1,"cobblemon:sun_stone":2,"cobblemon:payapa_berry":2,"minecraft:dandelion":1,"minecraft:gravel":1,"minecraft:white_bed":1,"minecraft:stone_axe":1,"waystones:waystone":4,"minecraft:chainmail_leggings":1,"minecraft:granite":5,"minecraft:bread":75,"minecraft:oak_sapling":1,"minecraft:black_wool":1,"minecraft:coal":70},"minecraft:killed_by":{"minecraft:creeper":1},"minecraft:killed":{"minecraft:skeleton":2,"minecraft:pig":2,"minecraft:zombie_villager":1,"minecraft:salmon":4,"minecraft:sheep":4,"minecraft:zombie":8},"minecraft:dropped":{"minecraft:stone_hoe":1,"minecraft:bread":12,"minecraft:iron_sword":1,"minecraft:wheat_seeds":1,"cobblemon:sun_stone":2,"minecraft:dirt":14,"minecraft:torch":24,"minecraft:mutton":5,"minecraft:iron_pickaxe":2,"minecraft:chainmail_leggings":1,"minecraft:string":6,"minecraft:dandelion":1,"minecraft:gravel":1,"minecraft:stone_axe":1,"minecraft:cobbled_deepslate":4,"minecraft:raw_iron":49,"minecraft:rotten_flesh":2,"minecraft:oak_planks":31,"minecraft:hay_block":46,"minecraft:andesite":2,"minecraft:arrow":1,"minecraft:stone_pickaxe":3,"minecraft:beef":9,"minecraft:wooden_pickaxe":2,"minecraft:black_wool":1},"minecraft:mined":{"minecraft:tuff":1,"cobblemon:big_root":1,"minecraft:granite":7,"cobblemon:rindo_berry":1,"minecraft:tall_seagrass":3,"minecraft:furnace":2,"minecraft:carrots":2,"minecraft:iron_ore":31,"minecraft:andesite":10,"minecraft:deepslate_iron_ore":36,"minecraft:stone":62,"minecraft:crafting_table":3,"minecraft:torch":1,"minecraft:cobblestone":7,"minecraft:copper_ore":17,"minecraft:deepslate_coal_ore":4,"minecraft:deepslate_gold_ore":8,"minecraft:diorite":4,"minecraft:wall_torch":4,"minecraft:seagrass":2,"minecraft:wheat":1,"minecraft:yellow_bed":1,"minecraft:grass":3,"minecraft:coal_ore":11,"minecraft:oak_log":9,"minecraft:beetroots":1,"minecraft:deepslate":7}},"DataVersion":3465}