{"stats":{"minecraft:killed":{"minecraft:witch":1,"minecraft:skeleton":8,"minecraft:drowned":1,"minecraft:pig":4,"minecraft:zombie_villager":1,"minecraft:salmon":4,"minecraft:iron_golem":1,"minecraft:creeper":2,"minecraft:sheep":4,"minecraft:zombie":20},"minecraft:used":{"minecraft:chest":3,"minecraft:shield":36,"minecraft:iron_sword":110,"minecraft:rotten_flesh":22,"minecraft:netherrack":6,"minecraft:iron_chestplate":3,"minecraft:torch":113,"minecraft:dirt":5,"minecraft:mutton":7,"minecraft:tuff":1,"minecraft:granite":6,"minecraft:wooden_axe":65,"minecraft:iron_axe":59,"cobblemon:pink_apricorn_seed":8,"minecraft:iron_boots":2,"minecraft:pink_wool":1,"minecraft:beef":2,"minecraft:hay_block":1,"minecraft:oak_sapling":4,"minecraft:furnace":2,"minecraft:egg":5,"minecraft:cobbled_deepslate":21,"minecraft:iron_leggings":2,"minecraft:cooked_mutton":5,"minecraft:water_bucket":8,"minecraft:diorite":1,"minecraft:rabbit":3,"minecraft:stone_pickaxe":86,"minecraft:oak_planks":23,"minecraft:wooden_pickaxe":18,"minecraft:cracked_stone_bricks":1,"minecraft:white_wool":12,"minecraft:salmon":4,"minecraft:rail":23,"minecraft:crafting_table":14,"minecraft:white_bed":4,"minecraft:oak_log":2,"waystones:waystone":1,"minecraft:diamond_pickaxe":21,"minecraft:chicken":2,"minecraft:iron_pickaxe":170,"minecraft:bread":58,"minecraft:brown_wool":2,"minecraft:porkchop":4,"minecraft:cobblestone":89,"cobblemon:red_apricorn_seed":4,"cobblemon:medicinal_leek":1,"minecraft:cooked_porkchop":4,"minecraft:andesite":5,"minecraft:bucket":10,"minecraft:yellow_bed":2,"minecraft:bone_meal":3},"minecraft:picked_up":{"minecraft:iron_chestplate":3,"minecraft:crafting_table":10,"minecraft:wheat":1,"minecraft:chicken":7,"cobblemon:yellow_apricorn":7,"cobblemon:red_apricorn":98,"minecraft:wooden_pickaxe":3,"minecraft:pink_wool":1,"minecraft:stone_brick_wall":3,"minecraft:stone_brick_stairs":2,"minecraft:shield":7,"cobblemon:wepear_berry":17,"minecraft:string":12,"minecraft:raw_copper":173,"minecraft:iron_axe":7,"minecraft:iron_leggings":7,"cobblemon:white_apricorn":41,"minecraft:cracked_stone_bricks":7,"minecraft:cobbled_deepslate":44,"cobblemon:green_apricorn":9,"minecraft:beef":13,"cobblemon:oran_berry":318,"cobblemon:relic_coin":7,"minecraft:poppy":8,"minecraft:iron_pickaxe":5,"cobblemon:big_root":6,"cobblemon:quick_ball":7,"minecraft:sugar_cane":4,"cobblemon:green_apricorn_seed":3,"minecraft:furnace":3,"minecraft:iron_boots":7,"minecraft:egg":5,"minecraft:raw_iron":170,"minecraft:stick":16,"cobblemon:apricorn_log":5,"minecraft:copper_ingot":22,"minecraft:torch":112,"minecraft:bowl":65,"cobblemon:park_ball":8,"minecraft:porkchop":15,"minecraft:diorite":1,"minecraft:carrot":21,"minecraft:redstone":2,"minecraft:rabbit_foot":1,"cobblemon:berry_juice":52,"cobblemon:dawn_stone":2,"minecraft:cactus":6,"minecraft:arrow":73,"minecraft:rotten_flesh":62,"minecraft:beetroot_seeds":1,"minecraft:hay_block":58,"minecraft:white_terracotta":2,"minecraft:mutton":28,"minecraft:rail":8,"minecraft:white_wool":38,"minecraft:cobblestone":130,"minecraft:air":0,"minecraft:feather":8,"minecraft:andesite":9,"minecraft:water_bucket":2,"minecraft:salmon":4,"minecraft:leather":12,"minecraft:brown_wool":2,"cobblemon:pinap_berry":28,"cobblemon:roseate_ball":2,"megamons:mega_cuff":2,"minecraft:tuff":1,"cobblemon:slate_ball":8,"minecraft:oak_log":47,"minecraft:yellow_bed":2,"minecraft:gunpowder":15,"minecraft:cobblestone_stairs":2,"minecraft:lapis_lazuli":18,"minecraft:dirt":36,"cobblemon:pink_apricorn_seed":8,"minecraft:leather_boots":2,"minecraft:bone":16,"minecraft:stone_bricks":4,"minecraft:wheat_seeds":14,"minecraft:bow":6,"minecraft:orange_tulip":4,"cobblemon:black_apricorn":2,"minecraft:raw_gold":8,"minecraft:rabbit_hide":10,"minecraft:iron_ingot":117,"minecraft:stone_pickaxe":5,"minecraft:rabbit":3,"minecraft:glowstone_dust":86,"minecraft:bamboo":12,"minecraft:oak_planks":159,"minecraft:iron_sword":8,"minecraft:stone_hoe":1,"minecraft:oak_slab":2,"cobblemon:red_apricorn_seed":6,"cobblemon:sun_stone":2,"minecraft:cooked_porkchop":4,"cobblemon:payapa_berry":3,"cobblemon:black_apricorn_seed":2,"minecraft:dandelion":2,"minecraft:gravel":1,"cobblemon:cheri_berry":38,"minecraft:sand":51,"cobblemon:yellow_apricorn_seed":2,"minecraft:spruce_sapling":5,"cobblemon:pink_apricorn":83,"minecraft:white_bed":5,"minecraft:stone_axe":1,"minecraft:diamond":3,"cobblemon:poke_ball":211,"waystones:waystone":5,"minecraft:chainmail_leggings":1,"minecraft:iron_helmet":7,"minecraft:granite":18,"minecraft:bread":286,"cobblemon:medicinal_leek":13,"minecraft:oak_sapling":4,"minecraft:netherrack":6,"minecraft:black_wool":1,"minecraft:coal":91,"minecraft:diamond_pickaxe":2},"minecraft:crafted":{"minecraft:oak_planks":180,"cobblemon:apricorn_planks":20,"minecraft:furnace":1,"minecraft:stone":2,"minecraft:bone_meal":3,"minecraft:cooked_mutton":5,"minecraft:iron_boots":2,"minecraft:iron_axe":2,"minecraft:chest":3,"minecraft:wheat":99,"cobblemon:citrine_ball":4,"minecraft:red_dye":6,"minecraft:cooked_porkchop":4,"minecraft:crafting_table":8,"minecraft:wooden_pickaxe":1,"minecraft:iron_helmet":2,"minecraft:iron_sword":2,"minecraft:bowl":16,"minecraft:copper_ingot":61,"minecraft:bucket":1,"cobblemon:roseate_ball":4,"minecraft:bread":33,"minecraft:air":0,"cobblemon:poke_ball":44,"minecraft:iron_chestplate":2,"minecraft:shield":2,"minecraft:stick":32,"minecraft:iron_ingot":56,"minecraft:iron_pickaxe":1,"minecraft:wooden_axe":2,"cobblemon:berry_juice":64,"minecraft:iron_leggings":2,"minecraft:torch":72},"minecraft:mined":{"minecraft:tuff":1,"minecraft:white_bed":4,"minecraft:cobblestone_stairs":1,"cobblemon:apricorn_log":5,"cobblemon:big_root":1,"minecraft:granite":7,"minecraft:stone_brick_wall":1,"minecraft:grass_block":4,"cobblemon:rindo_berry":1,"minecraft:spruce_leaves":1,"minecraft:hay_block":12,"minecraft:tall_seagrass":3,"minecraft:glowstone":13,"minecraft:furnace":2,"minecraft:carrots":5,"minecraft:iron_ore":31,"minecraft:andesite":10,"cobblemon:medicinal_leek":4,"minecraft:deepslate_iron_ore":40,"minecraft:rail":7,"minecraft:stone":99,"minecraft:glass_pane":1,"minecraft:dandelion":1,"cobblemon:apricorn_leaves":1,"minecraft:crafting_table":5,"minecraft:torch":4,"minecraft:poppy":5,"minecraft:copper_ore":18,"minecraft:tall_grass":7,"minecraft:deepslate_coal_ore":4,"minecraft:cobblestone":29,"minecraft:deepslate_gold_ore":8,"minecraft:oak_planks":41,"minecraft:wall_torch":4,"minecraft:diorite":4,"minecraft:seagrass":2,"minecraft:cactus":1,"minecraft:birch_log":1,"minecraft:wheat":2,"minecraft:yellow_bed":1,"minecraft:stone_brick_stairs":1,"minecraft:grass":55,"minecraft:coal_ore":11,"minecraft:oak_log":34,"minecraft:beetroots":1,"minecraft:dirt":9,"minecraft:sand":53,"minecraft:sunflower":1,"minecraft:cracked_stone_bricks":4,"minecraft:stone_bricks":2,"cobblemon:pink_apricorn_sapling":2,"minecraft:deepslate":7,"minecraft:fern":4},"minecraft:custom":{"minecraft:mob_kills":48,"minecraft:interact_with_crafting_table":56,"minecraft:leave_game":2,"minecraft:time_since_death":14358,"minecraft:climb_one_cm":2802,"minecraft:sprint_one_cm":914865,"minecraft:walk_one_cm":623136,"minecraft:damage_blocked_by_shield":2175,"minecraft:drop":98,"minecraft:talked_to_villager":2,"minecraft:play_time":452167,"minecraft:sneak_time":6479,"minecraft:deaths":15,"minecraft:walk_under_water_one_cm":33108,"minecraft:boat_one_cm":64450,"minecraft:jump":5719,"minecraft:walk_on_water_one_cm":34675,"minecraft:total_world_time":452167,"minecraft:interact_with_furnace":58,"minecraft:sleep_in_bed":16,"minecraft:waystone_activated":7,"minecraft:time_since_rest":14386,"minecraft:damage_taken":7427,"minecraft:damage_dealt":9169,"minecraft:player_kills":1,"minecraft:swim_one_cm":79585,"minecraft:fly_one_cm":925379,"minecraft:open_chest":25,"minecraft:crouch_one_cm":12220,"minecraft:fall_one_cm":152922},"minecraft:dropped":{"minecraft:stone_hoe":1,"minecraft:bread":12,"minecraft:iron_ingot":11,"minecraft:iron_sword":1,"minecraft:wheat_seeds":12,"cobblemon:sun_stone":2,"minecraft:feather":1,"minecraft:leather":4,"minecraft:copper_ingot":2,"cobblemon:pink_apricorn":6,"minecraft:dirt":14,"cobblemon:dawn_stone":1,"minecraft:torch":44,"minecraft:mutton":5,"minecraft:sand":51,"minecraft:red_dye":6,"minecraft:iron_pickaxe":2,"minecraft:chainmail_leggings":1,"minecraft:string":6,"minecraft:dandelion":1,"minecraft:gravel":1,"minecraft:stone_axe":1,"minecraft:sugar_cane":2,"minecraft:cobbled_deepslate":4,"minecraft:bowl":3,"minecraft:wheat":1,"minecraft:raw_iron":49,"minecraft:rotten_flesh":11,"minecraft:oak_planks":31,"minecraft:glowstone_dust":86,"megamons:mega_cuff":2,"minecraft:rabbit_foot":1,"minecraft:rabbit_hide":2,"minecraft:hay_block":46,"minecraft:stone":2,"minecraft:diamond_pickaxe":1,"minecraft:andesite":2,"minecraft:stone_brick_wall":1,"minecraft:leather_boots":2,"minecraft:bow":1,"minecraft:arrow":2,"minecraft:beef":9,"minecraft:stone_pickaxe":3,"minecraft:wooden_pickaxe":2,"minecraft:black_wool":1},"minecraft:killed_by":{"minecraft:player":1,"minecraft:creeper":3,"minecraft:skeleton":3,"minecraft:zombie":2}},"DataVersion":3465}