{
  "uuid": "3c5e854c-27d7-3fff-8f95-89cc8f5470ca",
  "starterPrompted": true,
  "starterLocked": false,
  "starterSelected": true,
  "starterUUID": "10bb355d-7274-4d9a-80cc-8632b7a4c515",
  "keyItems": [],
  "battleTheme": "cobblemon:battle.pvp.default",
  "extraData": {},
  "advancementData": {
    "totalCaptureCount": 24,
    "totalEggsHatched": 0,
    "totalEvolvedCount": 1,
    "totalBattleVictoryCount": 62,
    "totalPvPBattleVictoryCount": 4,
    "totalPvWBattleVictoryCount": 58,
    "totalPvNBattleVictoryCount": 0,
    "totalShinyCaptureCount": 0,
    "totalTradedCount": 0,
    "totalTypeCaptureCounts": {
      "grass": 4,
      "normal": 10,
      "flying": 1,
      "fire": 3,
      "fairy": 2,
      "psychic": 1,
      "fighting": 1,
      "dark": 1,
      "water": 1,
      "poison": 1,
      "electric": 2,
      "rock": 1,
      "ground": 1
    },
    "totalDefeatedCounts": {
      "cobblemon:rattata": 4,
      "cobblemon:patrat": 3,
      "cobblemon:zigzagoon": 4,
      "cobblemon:linoone": 1,
      "cobblemon:combee": 2,
      "cobblemon:mareep": 2,
      "cobblemon:cottonee": 1,
      "cobblemon:timburr": 1,
      "cobblemon:butterfree": 1,
      "cobblemon:lilligant": 1,
      "cobblemon:lickitung": 1,
      "cobblemon:rookidee": 1,
      "cobblemon:bidoof": 1,
      "cobblemon:sentret": 1,
      "cobblemon:fletchling": 1,
      "cobblemon:diggersby": 1,
      "cobblemon:snorunt": 1,
      "cobblemon:gastly": 1,
      "cobblemon:drifblim": 1,
      "cobblemon:igglybuff": 1,
      "cobblemon:bouffalant": 1,
      "cobblemon:voltorb": 1,
      "cobblemon:wooloo": 1,
      "cobblemon:stonjourner": 1,
      "cobblemon:fidough": 1
    },
    "aspectsCollected": {}
  }
}