{
  "minecraft:recipes/decorations/crafting_table": {
    "criteria": {
      "unlock_right_away": "2024-09-21 19:28:42 +0000"
    },
    "done": true
  },
  "minecraft:adventure/adventuring_time": {
    "criteria": {
      "minecraft:river": "2024-09-21 19:41:52 +0000",
      "minecraft:plains": "2024-09-21 19:28:43 +0000"
    },
    "done": false
  },
  "cobblemon:root": {
    "criteria": {
      "picked_starter": "2024-09-21 19:32:27 +0000"
    },
    "done": true
  },
  "minecraft:adventure/root": {
    "criteria": {
      "killed_by_something": "2024-09-21 19:41:46 +0000"
    },
    "done": true
  },
  "cobblemon:recipes/transportation/apricorn_boat": {
    "criteria": {
      "in_water": "2024-09-21 19:41:59 +0000"
    },
    "done": true
  },
  "minecraft:recipes/transportation/cherry_boat": {
    "criteria": {
      "in_water": "2024-09-21 19:41:59 +0000"
    },
    "done": true
  },
  "minecraft:recipes/transportation/bamboo_raft": {
    "criteria": {
      "in_water": "2024-09-21 19:41:59 +0000"
    },
    "done": true
  },
  "minecraft:recipes/transportation/spruce_boat": {
    "criteria": {
      "in_water": "2024-09-21 19:41:59 +0000"
    },
    "done": true
  },
  "minecraft:recipes/transportation/birch_boat": {
    "criteria": {
      "in_water": "2024-09-21 19:41:59 +0000"
    },
    "done": true
  },
  "minecraft:recipes/transportation/oak_boat": {
    "criteria": {
      "in_water": "2024-09-21 19:41:59 +0000"
    },
    "done": true
  },
  "minecraft:recipes/transportation/mangrove_boat": {
    "criteria": {
      "in_water": "2024-09-21 19:41:59 +0000"
    },
    "done": true
  },
  "minecraft:recipes/transportation/acacia_boat": {
    "criteria": {
      "in_water": "2024-09-21 19:41:59 +0000"
    },
    "done": true
  },
  "minecraft:recipes/transportation/jungle_boat": {
    "criteria": {
      "in_water": "2024-09-21 19:41:59 +0000"
    },
    "done": true
  },
  "minecraft:recipes/transportation/dark_oak_boat": {
    "criteria": {
      "in_water": "2024-09-21 19:41:59 +0000"
    },
    "done": true
  },
  "cobblemon:recipes/consumables/protein": {
    "criteria": {
      "has_brew": "2024-09-21 21:11:32 +0000"
    },
    "done": true
  },
  "cobblemon:recipes/consumables/iron": {
    "criteria": {
      "has_brew": "2024-09-21 21:11:32 +0000"
    },
    "done": true
  },
  "cobblemon:recipes/consumables/hp_up": {
    "criteria": {
      "has_brew": "2024-09-21 21:11:32 +0000"
    },
    "done": true
  },
  "cobblemon:medicinal_brew": {
    "criteria": {
      "check_inv": "2024-09-21 21:11:32 +0000"
    },
    "done": true
  },
  "cobblemon:recipes/consumables/calcium": {
    "criteria": {
      "has_brew": "2024-09-21 21:11:32 +0000"
    },
    "done": true
  },
  "cobblemon:brew_all": {
    "criteria": {
      "obtain_full_heal": "2024-09-21 21:11:49 +0000",
      "obtain_burn_heal": "2024-09-21 21:11:23 +0000",
      "obtain_full_restore": "2024-09-21 21:11:03 +0000"
    },
    "done": false
  },
  "cobblemon:brew_full_restore": {
    "criteria": {
      "check_inv": "2024-09-21 21:11:03 +0000"
    },
    "done": true
  },
  "cobblemon:recipes/consumables/carbos": {
    "criteria": {
      "has_brew": "2024-09-21 21:11:32 +0000"
    },
    "done": true
  },
  "cobblemon:recipes/consumables/zinc": {
    "criteria": {
      "has_brew": "2024-09-21 21:11:32 +0000"
    },
    "done": true
  },
  "cobblemon:healing_machine": {
    "criteria": {
      "use_healing_machine": "2024-09-21 21:12:34 +0000"
    },
    "done": true
  },
  "cobblemon:recipes/consumables/pp_up": {
    "criteria": {
      "has_brew": "2024-09-21 21:11:32 +0000"
    },
    "done": true
  },
  "DataVersion": 3465
}